-- phpMyAdmin SQL Dump
-- version 5.2.1
-- https://www.phpmyadmin.net/
--
-- Host: 127.0.0.1
-- Generation Time: Jul 14, 2025 at 07:36 AM
-- Server version: 10.4.32-MariaDB
-- PHP Version: 8.2.12

SET SQL_MODE = "NO_AUTO_VALUE_ON_ZERO";
START TRANSACTION;
SET time_zone = "+00:00";


/*!40101 SET @OLD_CHARACTER_SET_CLIENT=@@CHARACTER_SET_CLIENT */;
/*!40101 SET @OLD_CHARACTER_SET_RESULTS=@@CHARACTER_SET_RESULTS */;
/*!40101 SET @OLD_COLLATION_CONNECTION=@@COLLATION_CONNECTION */;
/*!40101 SET NAMES utf8mb4 */;

--
-- Database: `inventorymgtci`
--

-- --------------------------------------------------------

--
-- Table structure for table `activity_log`
--

CREATE TABLE `activity_log` (
  `id` int(11) NOT NULL,
  `user_id` int(11) DEFAULT NULL,
  `activity` varchar(255) DEFAULT NULL,
  `details` text DEFAULT NULL,
  `created_at` datetime DEFAULT current_timestamp()
) ENGINE=InnoDB DEFAULT CHARSET=utf8mb4 COLLATE=utf8mb4_general_ci;

--
-- Dumping data for table `activity_log`
--

INSERT INTO `activity_log` (`id`, `user_id`, `activity`, `details`, `created_at`) VALUES
(1, 15, 'Created Order', 'Order ID: 16', '2025-05-12 14:52:04'),
(2, 1, 'Created Order', 'Order ID: 17', '2025-05-19 14:56:01'),
(3, 15, 'Created Order', 'Order ID: 18', '2025-05-19 15:36:07'),
(4, 15, 'Created Order', 'Order ID: 19', '2025-05-19 16:06:30'),
(5, 15, 'Created Order', 'Order ID: 20', '2025-05-19 16:11:45'),
(6, 1, 'Created Order', 'Order ID: 21', '2025-05-19 17:19:29'),
(7, 16, 'Created Order', 'Order ID: 22', '2025-05-19 18:06:36'),
(8, 16, 'Created Order', 'Order ID: 23', '2025-05-20 08:23:26'),
(9, 16, 'Created Order', 'Order ID: 24', '2025-05-20 09:25:32'),
(10, 16, 'Created Order', 'Order ID: 25', '2025-05-20 09:32:35'),
(11, 16, 'Created Order', 'Order ID: 26', '2025-05-20 09:41:29'),
(12, 16, 'Created Order', 'Order ID: 27', '2025-05-20 09:55:49'),
(13, 16, 'Created Order', 'Order ID: 28', '2025-05-20 10:07:51'),
(14, 16, 'Created Order', 'Order ID: 29', '2025-05-20 10:40:28'),
(15, 16, 'Created Order', 'Order ID: 30', '2025-05-20 10:56:39'),
(16, 16, 'Created Order', 'Order ID: 31', '2025-05-20 11:42:52'),
(17, 16, 'Created Order', 'Order ID: 32', '2025-05-20 12:09:03'),
(18, 16, 'Created Order', 'Order ID: 33', '2025-05-20 12:55:00'),
(19, 16, 'Created Order', 'Order ID: 34', '2025-05-20 13:09:39'),
(20, 16, 'Created Order', 'Order ID: 35', '2025-05-20 13:16:27'),
(21, 16, 'Created Order', 'Order ID: 36', '2025-05-20 13:23:52'),
(22, 16, 'Created Order', 'Order ID: 37', '2025-05-20 13:44:21'),
(23, 16, 'Created Order', 'Order ID: 38', '2025-05-20 13:55:38'),
(24, 16, 'Created Order', 'Order ID: 39', '2025-05-20 14:06:44'),
(25, 16, 'Created Order', 'Order ID: 40', '2025-05-20 14:25:38'),
(26, 16, 'Created Order', 'Order ID: 41', '2025-05-20 14:26:40'),
(27, 16, 'Created Order', 'Order ID: 42', '2025-05-20 14:30:37'),
(28, 16, 'Created Order', 'Order ID: 43', '2025-05-20 14:45:53'),
(29, 16, 'Created Order', 'Order ID: 44', '2025-05-20 15:46:54'),
(30, 16, 'Created Order', 'Order ID: 45', '2025-05-20 15:57:03'),
(31, 16, 'Created Order', 'Order ID: 46', '2025-05-20 16:11:57'),
(32, 16, 'Created Order', 'Order ID: 47', '2025-05-20 16:15:17'),
(33, 16, 'Created Order', 'Order ID: 48', '2025-05-20 16:37:03'),
(34, 16, 'Created Order', 'Order ID: 49', '2025-05-20 16:39:12'),
(35, 16, 'Created Order', 'Order ID: 50', '2025-05-20 16:43:18'),
(36, 16, 'Created Order', 'Order ID: 51', '2025-05-20 16:59:18'),
(37, 16, 'Created Order', 'Order ID: 52', '2025-05-20 17:24:42'),
(38, 16, 'Created Order', 'Order ID: 53', '2025-05-20 17:39:10'),
(39, 16, 'Created Order', 'Order ID: 54', '2025-05-20 17:53:59'),
(40, 15, 'Created Order', 'Order ID: 55', '2025-05-21 08:22:24'),
(41, 15, 'Created Order', 'Order ID: 56', '2025-05-21 09:13:34'),
(42, 15, 'Created Order', 'Order ID: 57', '2025-05-21 09:43:21'),
(43, 15, 'Created Order', 'Order ID: 58', '2025-05-21 10:18:41'),
(44, 15, 'Created Order', 'Order ID: 59', '2025-05-21 10:32:28'),
(45, 15, 'Created Order', 'Order ID: 60', '2025-05-21 10:55:39'),
(46, 15, 'Created Order', 'Order ID: 61', '2025-05-21 11:07:06'),
(47, 15, 'Created Order', 'Order ID: 62', '2025-05-21 11:20:46'),
(48, 15, 'Created Order', 'Order ID: 63', '2025-05-21 11:41:35'),
(49, 15, 'Created Order', 'Order ID: 64', '2025-05-21 11:46:02'),
(50, 15, 'Created Order', 'Order ID: 65', '2025-05-21 12:42:16'),
(51, 15, 'Created Order', 'Order ID: 66', '2025-05-21 12:44:09'),
(52, 15, 'Created Order', 'Order ID: 67', '2025-05-21 12:57:17'),
(53, 15, 'Created Order', 'Order ID: 68', '2025-05-21 13:31:26'),
(54, 15, 'Created Order', 'Order ID: 69', '2025-05-21 13:41:16'),
(55, 15, 'Created Order', 'Order ID: 70', '2025-05-21 13:44:12'),
(56, 15, 'Created Order', 'Order ID: 71', '2025-05-21 14:18:51'),
(57, 15, 'Created Order', 'Order ID: 72', '2025-05-21 15:15:26'),
(58, 15, 'Created Order', 'Order ID: 73', '2025-05-21 15:59:13'),
(59, 15, 'Created Order', 'Order ID: 74', '2025-05-21 16:13:47'),
(60, 15, 'Created Order', 'Order ID: 75', '2025-05-21 16:35:24'),
(61, 15, 'Created Order', 'Order ID: 76', '2025-05-21 18:19:17'),
(62, 15, 'Created Order', 'Order ID: 77', '2025-05-22 08:10:16'),
(63, 15, 'Created Order', 'Order ID: 78', '2025-05-22 09:30:52'),
(64, 15, 'Created Order', 'Order ID: 79', '2025-05-22 10:01:29'),
(65, 15, 'Created Order', 'Order ID: 80', '2025-05-22 10:32:44'),
(66, 15, 'Created Order', 'Order ID: 81', '2025-05-22 11:03:04'),
(67, 15, 'Created Order', 'Order ID: 82', '2025-05-22 11:19:49'),
(68, 19, 'Created Order', 'Order ID: 83', '2025-05-22 11:56:49'),
(69, 19, 'Created Order', 'Order ID: 84', '2025-05-22 12:14:43'),
(70, 19, 'Created Order', 'Order ID: 85', '2025-05-22 12:34:19'),
(71, 19, 'Created Order', 'Order ID: 86', '2025-05-22 12:41:36'),
(72, 19, 'Created Order', 'Order ID: 87', '2025-05-22 13:57:10'),
(73, 19, 'Created Order', 'Order ID: 88', '2025-05-22 14:25:50'),
(74, 19, 'Created Order', 'Order ID: 89', '2025-05-22 14:27:14'),
(75, 19, 'Created Order', 'Order ID: 90', '2025-05-22 14:52:08'),
(76, 19, 'Created Order', 'Order ID: 91', '2025-05-22 16:00:34'),
(77, 19, 'Created Order', 'Order ID: 92', '2025-05-22 16:11:24'),
(78, 19, 'Created Order', 'Order ID: 93', '2025-05-22 16:15:47'),
(79, 19, 'Created Order', 'Order ID: 94', '2025-05-22 16:55:53'),
(80, 19, 'Created Order', 'Order ID: 95', '2025-05-22 17:01:09'),
(81, 19, 'Created Order', 'Order ID: 96', '2025-05-22 17:36:16'),
(82, 19, 'Created Order', 'Order ID: 97', '2025-05-22 18:10:21'),
(83, 15, 'Created Order', 'Order ID: 98', '2025-05-23 09:36:00'),
(84, 15, 'Created Order', 'Order ID: 99', '2025-05-23 10:06:56'),
(85, 15, 'Created Order', 'Order ID: 100', '2025-05-23 10:25:14'),
(86, 15, 'Created Order', 'Order ID: 101', '2025-05-23 10:36:28'),
(87, 15, 'Created Order', 'Order ID: 102', '2025-05-23 11:10:35'),
(88, 15, 'Created Order', 'Order ID: 103', '2025-05-23 11:34:11'),
(89, 15, 'Created Order', 'Order ID: 104', '2025-05-23 11:38:39'),
(90, 15, 'Created Order', 'Order ID: 105', '2025-05-23 11:46:27'),
(91, 15, 'Created Order', 'Order ID: 106', '2025-05-23 11:53:51'),
(92, 15, 'Created Order', 'Order ID: 107', '2025-05-23 12:11:55'),
(93, 15, 'Created Order', 'Order ID: 108', '2025-05-23 12:12:30'),
(94, 15, 'Created Order', 'Order ID: 109', '2025-05-23 12:13:36'),
(95, 15, 'Created Order', 'Order ID: 110', '2025-05-23 12:46:07'),
(96, 15, 'Created Order', 'Order ID: 111', '2025-05-23 12:59:40'),
(97, 15, 'Created Order', 'Order ID: 112', '2025-05-23 14:02:15'),
(98, 15, 'Created Order', 'Order ID: 113', '2025-05-23 14:08:54'),
(99, 15, 'Created Order', 'Order ID: 114', '2025-05-23 14:17:50'),
(100, 15, 'Created Order', 'Order ID: 115', '2025-05-23 14:25:31'),
(101, 15, 'Created Order', 'Order ID: 116', '2025-05-23 14:35:56'),
(102, 15, 'Created Order', 'Order ID: 117', '2025-05-23 15:25:41'),
(103, 15, 'Created Order', 'Order ID: 118', '2025-05-23 16:29:52'),
(104, 15, 'Created Order', 'Order ID: 119', '2025-05-23 16:48:10'),
(105, 15, 'Created Order', 'Order ID: 120', '2025-05-23 16:50:47'),
(106, 15, 'Created Order', 'Order ID: 121', '2025-05-23 17:05:00'),
(107, 15, 'Created Order', 'Order ID: 122', '2025-05-23 17:30:15'),
(108, 15, 'Created Order', 'Order ID: 123', '2025-05-23 18:00:21'),
(109, 15, 'Created Order', 'Order ID: 124', '2025-05-23 18:24:13'),
(110, 15, 'Created Order', 'Order ID: 125', '2025-05-23 18:26:35'),
(111, 15, 'Created Order', 'Order ID: 126', '2025-05-23 18:36:45'),
(112, 15, 'Created Order', 'Order ID: 127', '2025-05-25 08:57:51'),
(113, 15, 'Created Order', 'Order ID: 128', '2025-05-25 09:16:32'),
(114, 15, 'Created Order', 'Order ID: 129', '2025-05-25 10:58:13'),
(115, 15, 'Created Order', 'Order ID: 130', '2025-05-25 12:53:52'),
(116, 15, 'Created Order', 'Order ID: 131', '2025-05-26 11:11:16'),
(117, 15, 'Created Order', 'Order ID: 132', '2025-05-26 13:04:36'),
(118, 15, 'Created Order', 'Order ID: 133', '2025-05-26 13:25:21'),
(119, 15, 'Created Order', 'Order ID: 134', '2025-05-26 14:01:37'),
(120, 15, 'Created Order', 'Order ID: 135', '2025-05-26 14:07:30'),
(121, 15, 'Created Order', 'Order ID: 136', '2025-05-26 14:46:41'),
(122, 15, 'Created Order', 'Order ID: 137', '2025-05-26 15:12:47'),
(123, 15, 'Created Order', 'Order ID: 138', '2025-05-26 15:15:59'),
(124, 15, 'Created Order', 'Order ID: 139', '2025-05-26 15:55:12'),
(125, 15, 'Created Order', 'Order ID: 140', '2025-05-26 17:48:52'),
(126, 15, 'Created Order', 'Order ID: 141', '2025-05-28 09:16:44'),
(127, 15, 'Created Order', 'Order ID: 142', '2025-05-28 09:47:44'),
(128, 15, 'Created Order', 'Order ID: 143', '2025-05-28 09:47:44'),
(129, 15, 'Created Order', 'Order ID: 144', '2025-05-28 09:54:01'),
(130, 15, 'Created Order', 'Order ID: 145', '2025-05-28 10:18:18'),
(131, 15, 'Created Order', 'Order ID: 146', '2025-05-28 10:18:49'),
(132, 15, 'Created Order', 'Order ID: 147', '2025-05-28 10:26:32'),
(133, 15, 'Created Order', 'Order ID: 148', '2025-05-28 11:06:44'),
(134, 15, 'Created Order', 'Order ID: 149', '2025-05-28 11:07:53'),
(135, 15, 'Created Order', 'Order ID: 150', '2025-05-28 13:21:27'),
(136, 15, 'Created Order', 'Order ID: 151', '2025-05-28 13:45:17'),
(137, 15, 'Created Order', 'Order ID: 152', '2025-05-28 14:36:17'),
(138, 15, 'Created Order', 'Order ID: 153', '2025-05-28 15:15:38'),
(139, 15, 'Created Order', 'Order ID: 154', '2025-05-28 16:55:44'),
(140, 15, 'Created Order', 'Order ID: 155', '2025-05-29 09:47:30'),
(141, 15, 'Created Order', 'Order ID: 156', '2025-05-29 09:50:29'),
(142, 15, 'Created Order', 'Order ID: 157', '2025-05-29 10:06:14'),
(143, 15, 'Created Order', 'Order ID: 158', '2025-05-29 13:40:37'),
(144, 15, 'Created Order', 'Order ID: 159', '2025-05-29 13:42:31'),
(145, 15, 'Created Order', 'Order ID: 160', '2025-05-29 15:35:01'),
(146, 15, 'Created Order', 'Order ID: 161', '2025-05-29 16:39:58'),
(147, 15, 'Created Order', 'Order ID: 162', '2025-05-29 19:34:30'),
(148, 15, 'Created Order', 'Order ID: 163', '2025-05-30 10:14:23'),
(149, 15, 'Created Order', 'Order ID: 164', '2025-05-30 10:20:10'),
(150, 15, 'Created Order', 'Order ID: 165', '2025-05-30 12:30:09'),
(151, 15, 'Created Order', 'Order ID: 166', '2025-05-30 12:40:00'),
(152, 15, 'Created Order', 'Order ID: 167', '2025-05-30 12:57:25'),
(153, 15, 'Created Order', 'Order ID: 168', '2025-05-30 14:08:04'),
(154, 15, 'Created Order', 'Order ID: 169', '2025-05-30 14:40:23'),
(155, 15, 'Created Order', 'Order ID: 170', '2025-05-30 14:50:43'),
(156, 15, 'Created Order', 'Order ID: 171', '2025-05-30 15:21:28'),
(157, 15, 'Created Order', 'Order ID: 172', '2025-05-30 17:18:02'),
(158, 19, 'Created Order', 'Order ID: 173', '2025-05-30 17:23:30'),
(159, 15, 'Created Order', 'Order ID: 174', '2025-06-02 09:50:56'),
(160, 15, 'Created Order', 'Order ID: 175', '2025-06-02 09:52:43'),
(161, 15, 'Created Order', 'Order ID: 176', '2025-06-02 11:21:04'),
(162, 15, 'Created Order', 'Order ID: 177', '2025-06-02 12:11:37'),
(163, 15, 'Created Order', 'Order ID: 178', '2025-06-02 12:23:01'),
(164, 15, 'Created Order', 'Order ID: 179', '2025-06-02 12:49:03'),
(165, 15, 'Created Order', 'Order ID: 180', '2025-06-02 12:56:29'),
(166, 15, 'Created Order', 'Order ID: 181', '2025-06-02 12:57:54'),
(167, 15, 'Created Order', 'Order ID: 182', '2025-06-02 14:54:16'),
(168, 15, 'Created Order', 'Order ID: 183', '2025-06-02 16:23:09'),
(169, 15, 'Created Order', 'Order ID: 184', '2025-06-03 10:23:46'),
(170, 15, 'Created Order', 'Order ID: 185', '2025-06-04 09:51:15'),
(171, 15, 'Created Order', 'Order ID: 186', '2025-06-04 11:45:14'),
(172, 15, 'Created Order', 'Order ID: 187', '2025-06-04 11:46:38'),
(173, 15, 'Created Order', 'Order ID: 188', '2025-06-04 12:13:19'),
(174, 15, 'Created Order', 'Order ID: 189', '2025-06-04 13:04:22'),
(175, 15, 'Created Order', 'Order ID: 190', '2025-06-04 15:50:23'),
(176, 15, 'Created Order', 'Order ID: 191', '2025-06-04 17:32:28'),
(177, 15, 'Created Order', 'Order ID: 192', '2025-06-05 09:12:04'),
(178, 15, 'Created Order', 'Order ID: 193', '2025-06-05 10:26:22'),
(179, 15, 'Created Order', 'Order ID: 194', '2025-06-05 16:10:39'),
(180, 15, 'Created Order', 'Order ID: 195', '2025-06-06 11:19:58'),
(181, 15, 'Created Order', 'Order ID: 196', '2025-06-06 11:48:03'),
(182, 15, 'Created Order', 'Order ID: 197', '2025-06-09 14:03:11'),
(183, 15, 'Created Order', 'Order ID: 198', '2025-06-12 12:32:55'),
(184, 15, 'Created Order', 'Order ID: 199', '2025-06-12 13:49:55'),
(185, 15, 'Created Order', 'Order ID: 200', '2025-06-18 12:23:00'),
(186, 15, 'Created Order', 'Order ID: 201', '2025-07-08 16:10:11'),
(187, 15, 'Created Order', 'Order ID: 202', '2025-07-08 17:05:13'),
(188, 15, 'Created Order', 'Order ID: 203', '2025-07-08 17:11:43'),
(189, 1, 'Created Order', 'Order ID: 204', '2025-07-14 08:34:01');

-- --------------------------------------------------------

--
-- Table structure for table `attributes`
--

CREATE TABLE `attributes` (
  `id` int(11) NOT NULL,
  `name` varchar(255) NOT NULL,
  `active` int(11) NOT NULL
) ENGINE=InnoDB DEFAULT CHARSET=utf8 COLLATE=utf8_general_ci;

-- --------------------------------------------------------

--
-- Table structure for table `attribute_value`
--

CREATE TABLE `attribute_value` (
  `id` int(11) NOT NULL,
  `value` varchar(255) NOT NULL,
  `attribute_parent_id` int(11) NOT NULL
) ENGINE=InnoDB DEFAULT CHARSET=utf8 COLLATE=utf8_general_ci;

--
-- Dumping data for table `attribute_value`
--

INSERT INTO `attribute_value` (`id`, `value`, `attribute_parent_id`) VALUES
(5, 'Blue', 2),
(6, 'White', 2),
(7, 'M', 3),
(8, 'L', 3),
(9, 'Green', 2),
(10, 'Black', 2),
(12, 'Grey', 2),
(13, 'S', 3),
(17, 'yellow', 4),
(20, 'Small', 6),
(21, 'Medium', 6),
(22, 'Large', 6),
(23, 'Black', 4),
(24, 'Maroon', 4),
(25, 'Red', 4),
(26, 'Blue', 4),
(27, 'Navy', 4),
(28, 'Pearl White', 4),
(29, 'Phantom Black', 4),
(30, 'Gray', 4),
(31, 'XL', 6),
(32, 'XXL', 6),
(33, 'XXXL', 6),
(34, 'Free Size', 6),
(35, 'None', 6),
(36, 'Pink', 4);

-- --------------------------------------------------------

--
-- Table structure for table `brands`
--

CREATE TABLE `brands` (
  `id` int(11) NOT NULL,
  `name` varchar(255) NOT NULL,
  `active` int(11) NOT NULL
) ENGINE=InnoDB DEFAULT CHARSET=utf8 COLLATE=utf8_general_ci;

-- --------------------------------------------------------

--
-- Table structure for table `categories`
--

CREATE TABLE `categories` (
  `id` int(11) NOT NULL,
  `name` varchar(255) NOT NULL,
  `active` int(11) NOT NULL
) ENGINE=InnoDB DEFAULT CHARSET=utf8 COLLATE=utf8_general_ci;

--
-- Dumping data for table `categories`
--

INSERT INTO `categories` (`id`, `name`, `active`) VALUES
(14, 'Office Supplies', 1);

-- --------------------------------------------------------

--
-- Table structure for table `company`
--

CREATE TABLE `company` (
  `id` int(11) NOT NULL,
  `company_name` varchar(255) NOT NULL,
  `service_charge_value` varchar(255) NOT NULL,
  `vat_charge_value` varchar(255) NOT NULL,
  `address` varchar(255) NOT NULL,
  `phone` varchar(255) NOT NULL,
  `country` varchar(255) NOT NULL,
  `message` text NOT NULL,
  `currency` varchar(255) NOT NULL
) ENGINE=InnoDB DEFAULT CHARSET=utf8 COLLATE=utf8_general_ci;

--
-- Dumping data for table `company`
--

INSERT INTO `company` (`id`, `company_name`, `service_charge_value`, `vat_charge_value`, `address`, `phone`, `country`, `message`, `currency`) VALUES
(1, 'JEMAU INVESTMENT COMPANY LIMITED', '0', '0', 'NMC,Industrial Area, Arusha', '0768100089', 'Tanzania', '<p>We serve the best</p>', 'TZS');

-- --------------------------------------------------------

--
-- Table structure for table `groups`
--

CREATE TABLE `groups` (
  `id` int(11) NOT NULL,
  `group_name` varchar(255) NOT NULL,
  `permission` text NOT NULL
) ENGINE=InnoDB DEFAULT CHARSET=utf8 COLLATE=utf8_general_ci;

--
-- Dumping data for table `groups`
--

INSERT INTO `groups` (`id`, `group_name`, `permission`) VALUES
(1, 'Administrator', 'a:36:{i:0;s:10:\"createUser\";i:1;s:10:\"updateUser\";i:2;s:8:\"viewUser\";i:3;s:10:\"deleteUser\";i:4;s:11:\"createGroup\";i:5;s:11:\"updateGroup\";i:6;s:9:\"viewGroup\";i:7;s:11:\"deleteGroup\";i:8;s:11:\"createBrand\";i:9;s:11:\"updateBrand\";i:10;s:9:\"viewBrand\";i:11;s:11:\"deleteBrand\";i:12;s:14:\"createCategory\";i:13;s:14:\"updateCategory\";i:14;s:12:\"viewCategory\";i:15;s:14:\"deleteCategory\";i:16;s:11:\"createStore\";i:17;s:11:\"updateStore\";i:18;s:9:\"viewStore\";i:19;s:11:\"deleteStore\";i:20;s:15:\"createAttribute\";i:21;s:15:\"updateAttribute\";i:22;s:13:\"viewAttribute\";i:23;s:15:\"deleteAttribute\";i:24;s:13:\"createProduct\";i:25;s:13:\"updateProduct\";i:26;s:11:\"viewProduct\";i:27;s:13:\"deleteProduct\";i:28;s:11:\"createOrder\";i:29;s:11:\"updateOrder\";i:30;s:9:\"viewOrder\";i:31;s:11:\"deleteOrder\";i:32;s:11:\"viewReports\";i:33;s:13:\"updateCompany\";i:34;s:11:\"viewProfile\";i:35;s:13:\"updateSetting\";}'),
(2, 'Manager', 'a:25:{i:0;s:10:\"createUser\";i:1;s:10:\"updateUser\";i:2;s:8:\"viewUser\";i:3;s:11:\"createGroup\";i:4;s:11:\"updateGroup\";i:5;s:9:\"viewGroup\";i:6;s:11:\"createBrand\";i:7;s:11:\"updateBrand\";i:8;s:9:\"viewBrand\";i:9;s:14:\"createCategory\";i:10;s:14:\"updateCategory\";i:11;s:12:\"viewCategory\";i:12;s:11:\"createStore\";i:13;s:11:\"updateStore\";i:14;s:9:\"viewStore\";i:15;s:15:\"createAttribute\";i:16;s:15:\"updateAttribute\";i:17;s:13:\"viewAttribute\";i:18;s:13:\"createProduct\";i:19;s:13:\"updateProduct\";i:20;s:11:\"viewProduct\";i:21;s:11:\"createOrder\";i:22;s:11:\"updateOrder\";i:23;s:9:\"viewOrder\";i:24;s:13:\"updateCompany\";}'),
(3, 'Clerck', 'a:10:{i:0;s:11:\"createBrand\";i:1;s:9:\"viewBrand\";i:2;s:14:\"updateCategory\";i:3;s:12:\"viewCategory\";i:4;s:9:\"viewStore\";i:5;s:13:\"viewAttribute\";i:6;s:13:\"createProduct\";i:7;s:11:\"viewProduct\";i:8;s:11:\"createOrder\";i:9;s:9:\"viewOrder\";}');

-- --------------------------------------------------------

--
-- Table structure for table `orders`
--

CREATE TABLE `orders` (
  `id` int(11) NOT NULL,
  `bill_no` varchar(255) NOT NULL,
  `customer_name` varchar(255) NOT NULL,
  `customer_address` varchar(255) NOT NULL,
  `customer_phone` varchar(255) NOT NULL,
  `date_time` varchar(255) NOT NULL,
  `gross_amount` varchar(255) NOT NULL,
  `service_charge_rate` varchar(255) NOT NULL,
  `service_charge` varchar(255) NOT NULL,
  `vat_charge_rate` varchar(255) NOT NULL,
  `vat_charge` varchar(255) NOT NULL,
  `net_amount` varchar(255) NOT NULL,
  `discount` varchar(255) NOT NULL,
  `paid_status` int(11) NOT NULL,
  `user_id` int(11) NOT NULL,
  `product_ids` text NOT NULL
) ENGINE=InnoDB DEFAULT CHARSET=utf8 COLLATE=utf8_general_ci;

--
-- Dumping data for table `orders`
--

INSERT INTO `orders` (`id`, `bill_no`, `customer_name`, `customer_address`, `customer_phone`, `date_time`, `gross_amount`, `service_charge_rate`, `service_charge`, `vat_charge_rate`, `vat_charge`, `net_amount`, `discount`, `paid_status`, `user_id`, `product_ids`) VALUES
(21, 'BILPR-C5B5', 'Amani', '', '08763253', '1747664368', '2000.00', '0', '0', '0', '0', '2000.00', '', 2, 1, ''),
(22, 'BILPR-16AF', 'cash', '', '', '1747667196', '58000.00', '0', '0', '0', '0', '58000.00', '', 2, 16, ''),
(23, 'BILPR-AB33', 'dada', '', '0761914107', '1747718605', '38000.00', '0', '0', '0', '0', '38000.00', '', 1, 16, ''),
(24, 'BILPR-CA3E', 'munuo', '', '', '1747722332', '92500.00', '0', '0', '0', '0', '92500.00', '', 2, 16, ''),
(25, 'BILPR-7EE0', 'm.mchungaji', '', '', '1747722755', '630000.00', '0', '0', '0', '0', '630000.00', '', 2, 16, ''),
(26, 'BILPR-DCF8', 'cash', '', '', '1747723288', '10040.00', '0', '0', '0', '0', '8040.00', '2000', 1, 16, ''),
(27, 'BILPR-6AA7', 'sara', '', '0684826888', '1747724148', '762750.00', '0', '0', '0', '0', '746250.00', '16500', 2, 16, ''),
(28, 'BILPR-6A2E', 'joakim lyimo', '', '0767929292', '1747724871', '100000.00', '0', '0', '0', '0', '50000.00', '50000', 1, 16, ''),
(29, 'BILPR-34AB', 'neema', '', '', '1747726827', '8250.00', '0', '0', '0', '0', '8250.00', '', 1, 16, ''),
(30, 'BILPR-BFEF', 'mama', '', '0756958241', '1747727798', '284000.00', '0', '0', '0', '0', '264000.00', '20000', 1, 16, ''),
(31, 'BILPR-EFAB', 'Richard', '', '', '1747730571', '473000.00', '0', '0', '0', '0', '463000.00', '10000', 2, 16, ''),
(32, 'BILPR-349A', 'Musa', '', '0768480681  ', '1747732142', '669720.00', '0', '0', '0', '0', '668720.00', '1000', 1, 16, ''),
(33, 'BILPR-1394', 'Munuo', '', '', '1747734900', '50000.00', '0', '0', '0', '0', '48000.00', '2000', 1, 16, ''),
(34, 'BILPR-7B61', 'TWAHA', '', '', '1747735778', '202500.00', '0', '0', '0', '0', '162000.00', '40500', 1, 16, ''),
(35, 'BILPR-6E26', 'MZEE', '', '', '1747736187', '67280.00', '0', '0', '0', '0', '67280.00', '', 1, 16, ''),
(36, 'BILPR-6F4C', 'MAMA', '', '', '1747736632', '55680.00', '0', '0', '0', '0', '55680.00', '', 1, 16, ''),
(37, 'BILPR-6576', 'MAMA', '', '', '1747737860', '25900.00', '0', '0', '0', '0', '24800.00', '1100', 1, 16, ''),
(38, 'BILPR-B574', 'MADEVU', '', '0765339997', '1747738538', '132840.00', '0', '0', '0', '0', '132840.00', '', 1, 16, ''),
(39, 'BILPR-3BD1', 'mzee', '', '0788538099', '1747739203', '30600.00', '0', '0', '0', '0', '30600.00', '', 1, 16, ''),
(40, 'BILPR-8294', 'mama scola', '', '0765890860', '1747740338', '53000.00', '0', '0', '0', '0', '53000.00', '', 1, 16, ''),
(41, 'BILPR-57CB', 'bonge', '', '', '1747740400', '64264.00', '0', '0', '0', '0', '64264.00', '', 1, 16, ''),
(42, 'BILPR-F9C4', 'Aichi Moye', '', '0754833081', '1747740636', '209000.00', '0', '0', '0', '0', '208700.00', '300', 1, 15, ''),
(43, 'BILPR-31D7', 'mama', '', '0684100089', '1747741552', '985750.00', '0', '0', '0', '0', '917144.00', '68606', 2, 16, ''),
(44, 'BILPR-BFF6', 'cash', '', '', '1747745214', '12180.00', '0', '0', '0', '0', '12180.00', '', 1, 16, ''),
(45, 'BILPR-0E7A', 'cash', '', '', '1747745823', '67860.00', '0', '0', '0', '0', '67860.00', '', 1, 16, ''),
(46, 'BILPR-B925', 'cash', '', '', '1747746717', '10000.00', '0', '0', '0', '0', '10000.00', '', 1, 16, ''),
(47, 'BILPR-0C8D', 'cash', '', '', '1747746917', '60310.00', '0', '0', '0', '0', '60310.00', '', 1, 16, ''),
(48, 'BILPR-132C', 'babu', '', '0754885639', '1747748223', '90560.00', '0', '0', '0', '0', '90060.00', '500', 1, 16, ''),
(49, 'BILPR-F24D', 'moo', '', '', '1747748352', '590440.00', '0', '0', '0', '0', '590440.00', '', 2, 16, ''),
(50, 'BILPR-CBA9', 'raymond', '', '', '1747748598', '69210.00', '0', '0', '0', '0', '69210.00', '', 1, 16, ''),
(51, 'BILPR-D25E', 'mama ', '', '', '1747749557', '318680.00', '0', '0', '0', '0', '310220.00', '8460', 1, 16, ''),
(52, 'BILPR-2B78', 'ANNA', '', '', '1747751082', '238000.00', '0', '0', '0', '0', '238000.00', '', 2, 16, ''),
(53, 'BILPR-64DA', 'EDWARD', '', '', '1747751949', '24400.00', '0', '0', '0', '0', '24400.00', '', 1, 16, ''),
(54, 'BILPR-6FAC', 'JACKIE', '', '', '1747752839', '655400.00', '0', '0', '0', '0', '655400.00', '', 1, 16, ''),
(55, 'BILPR-8C56', 'baba G', '', '', '1747804944', '130000.00', '0', '0', '0', '0', '80000.00', '50000', 1, 15, ''),
(56, 'BILPR-D02C', 'Robby', '', '', '1747808014', '21400.00', '0', '0', '0', '0', '19650.00', '1750', 1, 15, ''),
(57, 'BILPR-B9C0', 'TWAHA', '', '', '1747809800', '1059300.00', '0', '0', '0', '0', '1042800.00', '16500', 1, 15, ''),
(58, 'BILPR-BB2C', 'cash', '', '', '1747811920', '19290.00', '0', '0', '0', '0', '14540.00', '4750', 1, 15, ''),
(59, 'BILPR-DC09', 'mparee', '', '', '1747812747', '58000.00', '0', '0', '0', '0', '58000.00', '', 1, 15, ''),
(60, 'BILPR-93F1', 'Exaudi mushi', '', '07673215473', '1747814139', '293500.00', '0', '0', '0', '0', '258250.00', '35250', 1, 15, ''),
(61, 'BILPR-E5E1', 'Mushi', '', '', '1747814825', '785000.00', '0', '0', '0', '0', '765250.00', '19750', 1, 15, ''),
(62, 'BILPR-2B0F', 'rest', '', '', '1747815646', '32650.00', '0', '0', '0', '0', '32650.00', '', 1, 15, ''),
(63, 'BILPR-B9A0', 'Valence\\MINJA', '', '', '1747816895', '1034500.00', '0', '0', '0', '0', '953000.00', '81500', 2, 15, ''),
(64, 'BILPR-14E6', 'SHEDRACK', '', '', '1747817162', '20270.00', '0', '0', '0', '0', '20270.00', '', 1, 15, ''),
(65, 'BILPR-0939', 'HARUNA', '', '', '1747820536', '290000.00', '0', '0', '0', '0', '290000.00', '', 2, 15, ''),
(66, 'BILPR-701E', 'JUMA', '', '', '1747820649', '1160000.00', '0', '0', '0', '0', '1160000.00', '', 2, 15, ''),
(67, 'BILPR-5A26', 'DONE', '', '', '1747821436', '28400.00', '0', '0', '0', '0', '28150.00', '250', 1, 15, ''),
(68, 'BILPR-0808', 'JEFTA', '', '', '1747823486', '54500.00', '0', '0', '0', '0', '54500.00', '', 1, 15, ''),
(69, 'BILPR-349E', 'NJARITA AGRI FARMERS', '', '', '1747824076', '300000.00', '0', '0', '0', '0', '300000.00', '', 1, 15, ''),
(70, 'BILPR-5D91', 'MAMA', '', '', '1747824252', '135500.00', '0', '0', '0', '0', '131000.00', '4500', 1, 15, ''),
(71, 'BILPR-D65F', 'baba G', '', '0629279082', '1747826331', '828000.00', '0', '0', '0', '0', '808000.00', '20000', 2, 15, ''),
(72, 'BILPR-E202', 'unknown', '', '', '1747829725', '130790.00', '0', '0', '0', '0', '130790.00', '', 1, 15, ''),
(73, 'BILPR-8155', 'andrew', '', '', '1747832352', '54000.00', '0', '0', '0', '0', '54000.00', '', 1, 15, ''),
(74, 'BILPR-F3DC', 'Peter', '', '0763278808', '1747833227', '305000.00', '0', '0', '0', '0', '294000.00', '11000', 1, 15, ''),
(75, 'BILPR-0596', 'karatu', '', '0621365014', '1747834524', '456000.00', '0', '0', '0', '0', '407500.00', '48500', 1, 15, ''),
(76, 'BILPR-DAD2', 'FRENK', '', '', '1747840757', '36750.00', '0', '0', '0', '0', '36500.00', '250', 1, 15, ''),
(77, 'BILPR-7ED9', 'COSMAS', '', '', '1747890615', '51000.00', '0', '0', '0', '0', '50000.00', '1000', 1, 15, ''),
(78, 'BILPR-4EAB', 'ABRAHAM', '', '', '1747895451', '197900.00', '0', '0', '0', '0', '171900.00', '26000', 1, 15, ''),
(79, 'BILPR-7237', 'NASARA GENERAL SUPPLY', '', '', '1747897289', '580000.00', '0', '0', '0', '0', '580000.00', '', 2, 15, ''),
(80, 'BILPR-6F5B', 'MHANDO/ NGULELO B', '', '', '1747899164', '789750.00', '0', '0', '0', '0', '765750.00', '24000', 2, 15, ''),
(81, 'BILPR-7C61', 'INNOCENT MOSHONO', '', '', '1747900984', '722010.00', '0', '0', '0', '0', '675510.00', '46500', 2, 15, ''),
(82, 'BILPR-2A95', 'NASARA ', '', '', '1747901989', '125000.00', '0', '0', '0', '0', '125000.00', '', 2, 15, ''),
(83, 'BILPR-99EB', 'ruth', '0764858239', '.', '1747904208', '200000.00', '0', '0', '0', '0', '200000.00', '', 2, 19, ''),
(84, 'BILPR-D934', 'Ma gray', '', '', '1747905283', '968000.00', '0', '0', '0', '0', '958000.00', '10000', 1, 19, ''),
(85, 'BILPR-C974', 'Mama massawe', '', '0758289614', '1747906459', '100000.00', '0', '0', '0', '0', '96000.00', '4000', 1, 19, ''),
(86, 'BILPR-73F4', 'nakido', '', '', '1747906895', '41200.00', '0', '0', '0', '0', '40850.00', '350', 1, 19, ''),
(87, 'BILPR-389A', 'EDWIN', '', '', '1747911430', '61750.00', '0', '0', '0', '0', '61250.00', '500', 1, 19, ''),
(88, 'BILPR-3275', 'PUMBA', '', '', '1747913150', '29000.00', '0', '0', '0', '0', '29000.00', '', 2, 19, ''),
(89, 'BILPR-BA3B', 'CASH', '', '', '1747913234', '29000.00', '0', '0', '0', '0', '29000.00', '', 1, 19, ''),
(90, 'BILPR-06A1', 'CASH', '', '', '1747914728', '100340.00', '0', '0', '0', '0', '100340.00', '', 1, 19, ''),
(91, 'BILPR-F7CE', 'NASARA GENERAL SUPPLY', '', '', '1747918834', '1430000.00', '0', '0', '0', '0', '1430000.00', '', 2, 19, ''),
(92, 'BILPR-D7BE', 'JACKIE', '', '', '1747919484', '431520.00', '0', '0', '0', '0', '431520.00', '', 2, 19, ''),
(93, 'BILPR-D0AF', 'DENIS', '', '', '1747919746', '125000.00', '0', '0', '0', '0', '120000.00', '5000', 1, 19, ''),
(94, 'BILPR-9529', 'cash ', '', '', '1747922153', '15000.00', '0', '0', '0', '0', '15000.00', '', 1, 19, ''),
(95, 'BILPR-9E19', 'MAMA SHIRIMA', '', '', '1747922469', '282010.00', '0', '0', '0', '0', '278210.00', '3800', 1, 19, ''),
(96, 'BILPR-EF74', 'CASH', '', '', '1747924576', '29000.00', '0', '0', '0', '0', '29000.00', '', 1, 19, ''),
(97, 'BILPR-BE88', 'CASH', '', '', '1747926621', '100000.00', '0', '0', '0', '0', '96000.00', '4000', 1, 19, ''),
(98, 'BILPR-AB6B', 'MROSSO', '', '', '1747982160', '105000.00', '0', '0', '0', '0', '94000.00', '11000', 2, 15, ''),
(99, 'BILPR-E646', 'sara ', '', '', '1747984016', '835000.00', '0', '0', '0', '0', '793000.00', '42000', 2, 15, ''),
(100, 'BILPR-F675', 'israeli', '', '', '1747985114', '882180.00', '0', '0', '0', '0', '882180.00', '', 1, 15, ''),
(101, 'BILPR-A3AE', 'KAVISHE', '', '', '1747985787', '18100.00', '0', '0', '0', '0', '18100.00', '', 1, 15, ''),
(102, 'BILPR-A676', 'REST', 'DARAJA MBILI', '', '1747987834', '97360.00', '0', '0', '0', '0', '96860.00', '500', 1, 15, ''),
(103, 'BILPR-2731', 'mamuya', '', '', '1747989251', '54000.00', '0', '0', '0', '0', '54000.00', '', 1, 15, ''),
(104, 'BILPR-D014', 'haruna', '', '', '1747989519', '328222.00', '0', '0', '0', '0', '328222.00', '', 1, 15, ''),
(105, 'BILPR-D177', 'cash', '', '', '1747989987', '52606.00', '0', '0', '0', '0', '52606.00', '', 1, 15, ''),
(106, 'BILPR-8663', 'Mama lema', '', '0764311333', '1747990430', '41100.00', '0', '0', '0', '0', '41100.00', '', 2, 15, ''),
(107, 'BILPR-ED74', 'CASH', '', '', '1747991515', '48000.00', '0', '0', '0', '0', '48000.00', '', 1, 15, ''),
(108, 'BILPR-CEF3', 'CASH', '', '', '1747991550', '35000.00', '0', '0', '0', '0', '30000.00', '5000', 1, 15, ''),
(109, 'BILPR-7A13', 'APF', '', '', '1747991615', '633650.00', '0', '0', '0', '0', '633650.00', '', 1, 15, ''),
(110, 'BILPR-B94F', 'NDEENI', '', '', '1747993567', '409500.00', '0', '0', '0', '0', '400000.00', '9500', 2, 15, ''),
(111, 'BILPR-3A92', 'mama sombetini', '', '', '1747994380', '125000.00', '0', '0', '0', '0', '125000.00', '', 2, 15, ''),
(112, 'BILPR-B4C8', 'ROSE', '', '', '1747998135', '1072050.00', '0', '0', '0', '0', '1031860.00', '40190', 2, 15, ''),
(113, 'BILPR-E476', 'CASH', '', '', '1747998534', '20000.00', '0', '0', '0', '0', '20000.00', '', 1, 15, ''),
(114, 'BILPR-A24E', 'CASH', '', '', '1747999070', '55680.00', '0', '0', '0', '0', '55680.00', '', 1, 15, ''),
(115, 'BILPR-5219', 'EMMA ', '', '', '1747999530', '444628.00', '0', '0', '0', '0', '444628.00', '', 1, 15, ''),
(116, 'BILPR-4395', 'MAMA', '', '', '1748000156', '158920.00', '0', '0', '0', '0', '158920.00', '', 1, 15, ''),
(117, 'BILPR-1BD9', 'RICHARD', '', '', '1748003140', '1006358.00', '0', '0', '0', '0', '1004358.00', '2000', 2, 15, ''),
(118, 'BILPR-169B', 'cash', '', '', '1748006992', '205300.00', '0', '0', '0', '0', '200800.00', '4500', 1, 15, ''),
(119, 'BILPR-3070', 'MR. NICKSON', '', '', '1748008090', '19000.00', '0', '0', '0', '0', '19000.00', '', 1, 15, ''),
(120, 'BILPR-E844', 'CASH', '', '', '1748008247', '29000.00', '0', '0', '0', '0', '29000.00', '', 1, 15, ''),
(121, 'BILPR-9861', 'CASH', '', '', '1748009099', '38000.00', '0', '0', '0', '0', '38000.00', '', 1, 15, ''),
(122, 'BILPR-3ABC', 'MAMA MAHINGA ', '', '', '1748010615', '189000.00', '0', '0', '0', '0', '141000.00', '48000', 1, 15, ''),
(123, 'BILPR-2E6A', 'ASONI', '', '', '1748012420', '496000.00', '0', '0', '0', '0', '491000.00', '5000', 2, 15, ''),
(124, 'BILPR-2C59', 'ROSE ', '', '', '1748013852', '887980.00', '0', '0', '0', '0', '887980.00', '', 2, 15, ''),
(125, 'BILPR-19FC', 'MOO', '', '', '1748013994', '78120.00', '0', '0', '0', '0', '76980.00', '1140', 1, 15, ''),
(126, 'BILPR-6CF6', '', '', '', '1748014605', '905500.00', '0', '0', '0', '0', '866500.00', '39000', 2, 15, ''),
(127, 'BILPR-4DA8', 'MAMA', '', '', '1748152671', '226800.00', '0', '0', '0', '0', '225000.00', '1800', 1, 15, ''),
(128, 'BILPR-0647', 'CASH', '', '', '1748153792', '41500.00', '0', '0', '0', '0', '39000.00', '2500', 1, 15, ''),
(129, 'BILPR-B4B3', 'CASH', '', '', '1748159892', '10950.00', '0', '0', '0', '0', '8950.00', '2000', 1, 15, ''),
(130, 'BILPR-517E', 'jackie', '', '', '1748166832', '420400.00', '0', '0', '0', '0', '403000.00', '17400', 1, 15, ''),
(131, 'BILPR-E4AF', 'MUSA', '', '0768480681', '1748247075', '763600.00', '0', '0', '0', '0', '739280.00', '24320', 1, 15, ''),
(132, 'BILPR-AB5E', 'munuo', '', '', '1748253876', '100000.00', '0', '0', '0', '0', '96000.00', '4000', 1, 15, ''),
(133, 'BILPR-05C5', 'MIGIRE', '', '', '1748255120', '164500.00', '0', '0', '0', '0', '161500.00', '3000', 1, 15, ''),
(134, 'BILPR-2032', 'CASH', '', '', '1748257296', '787950.00', '0', '0', '0', '0', '733050.00', '54900', 2, 15, ''),
(135, 'BILPR-0997', 'TWAHA', '', '', '1748257649', '1022700.00', '0', '0', '0', '0', '985460.00', '37240', 1, 15, ''),
(136, 'BILPR-9CFA', 'OLAIS', '', '', '1748260001', '1098540.00', '0', '0', '0', '0', '1098540.00', '', 1, 15, ''),
(137, 'BILPR-B3A9', 'MAMUYA', '', '', '1748261567', '1112000.00', '0', '0', '0', '0', '1112000.00', '', 2, 15, ''),
(138, 'BILPR-B0C3', 'CASH', '', '', '1748261758', '25350.00', '0', '0', '0', '0', '25350.00', '', 2, 15, ''),
(139, 'BILPR-B4FB', 'CASH', '', '', '1748264112', '275700.00', '0', '0', '0', '0', '258000.00', '17700', 1, 15, ''),
(140, 'BILPR-624C', ' m.babu', '', '', '1748270931', '901500.00', '0', '0', '0', '0', '861000.00', '40500', 2, 15, ''),
(141, 'BILPR-5DD5', 'SARA', '', '0684826888', '1748413003', '1250000.00', '0', '0', '0', '0', '1250000.00', '', 2, 15, ''),
(142, 'BILPR-D82A', 'MOO', '', '', '1748414864', '812870.00', '0', '0', '0', '0', '810870.00', '2000', 2, 15, ''),
(143, 'BILPR-7E1C', 'MOO', '', '', '1748414864', '812870.00', '0', '0', '0', '0', '810870.00', '2000', 1, 15, ''),
(144, 'BILPR-17D6', 'JACKIE', '', '', '1748415241', '874301.00', '0', '0', '0', '0', '850740.00', '23561', 2, 15, ''),
(145, 'BILPR-4EE1', 'MUSA', '', '', '1748416698', '884782.00', '0', '0', '0', '0', '871220.00', '13562', 2, 15, ''),
(146, 'BILPR-8955', 'CASH', '', '', '1748416729', '50000.00', '0', '0', '0', '0', '48000.00', '2000', 1, 15, ''),
(147, 'BILPR-A9E9', 'MWALIMU', '', '0754602976', '1748417192', '260220.00', '0', '0', '0', '0', '247220.00', '13000', 1, 15, ''),
(148, 'BILPR-BD4F', 'cash', '', '', '1748419604', '228000.00', '0', '0', '0', '0', '228000.00', '', 1, 15, ''),
(149, 'BILPR-5D11', 'haruna', '', '', '1748419672', '178000.00', '0', '0', '0', '0', '178000.00', '', 2, 15, ''),
(150, 'BILPR-C51C', 'FREDRICK', '', '', '1748427684', '501000.00', '0', '0', '0', '0', '492000.00', '9000', 2, 15, ''),
(151, 'BILPR-245C', 'CASH', '', '', '1748429117', '81000.00', '0', '0', '0', '0', '81000.00', '', 1, 15, ''),
(152, 'BILPR-A422', 'MAMUYA', '', '', '1748432177', '119000.00', '0', '0', '0', '0', '118000.00', '1000', 1, 15, ''),
(153, 'BILPR-B438', 'M.ADAMU', '', '', '1748434537', '662934.00', '0', '0', '0', '0', '644308.00', '18626', 1, 15, ''),
(154, 'BILPR-6C7A', 'BABA G', '', '0629279082', '1748440544', '1530000.00', '0', '0', '0', '0', '1530000.00', '', 2, 15, ''),
(155, 'BILPR-4875', 'SARA', 'ESS0', '', '1748501250', '457000.00', '0', '0', '0', '0', '457000.00', '', 1, 15, ''),
(156, 'BILPR-D9E6', 'RICHARD', '', '', '1748501428', '500000.00', '0', '0', '0', '0', '500000.00', '', 2, 15, ''),
(157, 'BILPR-AA52', 'OMARY', '', '', '1748502374', '790912.00', '0', '0', '0', '0', '790912.00', '', 1, 15, ''),
(158, 'BILPR-022C', 'MAMA', 'NGULELO', '', '1748515237', '850000.00', '0', '0', '0', '0', '850000.00', '', 2, 15, ''),
(159, 'BILPR-8F16', 'MZEE MHANDO', '', '', '1748515351', '400000.00', '0', '0', '0', '0', '400000.00', '', 2, 15, ''),
(160, 'BILPR-14C2', 'DOKTA ', '', '', '1748522099', '44000.00', '0', '0', '0', '0', '43000.00', '1000', 1, 15, ''),
(161, 'BILPR-03AC', 'cheusi', '', '', '1748525998', '71500.00', '0', '0', '0', '0', '71500.00', '', 2, 15, ''),
(162, 'BILPR-4E98', 'MARIA MOSHONO', '', '', '1748536470', '614898.00', '0', '0', '0', '0', '614898.00', '', 2, 15, ''),
(163, 'BILPR-8831', 'TWAHA', '', '', '1748589263', '112000.00', '0', '0', '0', '0', '109500.00', '2500', 1, 15, ''),
(164, 'BILPR-2E32', 'SARA', 'ESSO', '', '1748589610', '887400.00', '0', '0', '0', '0', '887400.00', '', 1, 15, ''),
(165, 'BILPR-E74B', 'DADA MUSHI', '', '0754936658', '1748597409', '728390.00', '0', '0', '0', '0', '711180.00', '17210', 1, 15, ''),
(166, 'BILPR-F744', '', '', '', '1748598000', '197750.00', '0', '0', '0', '0', '190000.00', '7750', 2, 15, ''),
(167, 'BILPR-8BD8', 'MA NDOSA', '', '', '1748599045', '932131.00', '0', '0', '0', '0', '932131.00', '', 2, 15, ''),
(168, 'BILPR-E790', 'Dr  DOMINIK', '', '', '1748603284', '300000.00', '0', '0', '0', '0', '300000.00', '', 2, 15, ''),
(169, 'BILPR-6B2C', 'MAGLANI', '', '', '1748605223', '795000.00', '0', '0', '0', '0', '786000.00', '9000', 2, 15, ''),
(170, 'BILPR-2E49', 'LIAD FARM', '', '', '1748605843', '981216.00', '0', '0', '0', '0', '950553.00', '30663', 2, 15, ''),
(171, 'BILPR-F91E', 'TWAHA', '', '', '1748607688', '173500.00', '0', '0', '0', '0', '171600.00', '1900', 2, 15, ''),
(172, 'BILPR-0FA4', 'ruth', '0764858239', '098', '1748614682', '1000.00', '0', '0', '0', '0', '1000.00', '', 2, 15, ''),
(173, 'BILPR-C56D', 'Sam', ',', '0616409798', '1748615010', '29500.00', '0', '0', '0', '0', '29500.00', '', 2, 19, ''),
(174, 'BILPR-533D', 'SARA', '', '', '1748847055', '943000.00', '0', '0', '0', '0', '943000.00', '', 2, 15, ''),
(175, 'BILPR-2C73', 'RICHARD', 'MAJENGO', '', '1748847163', '705000.00', '0', '0', '0', '0', '694000.00', '11000', 2, 15, ''),
(176, 'BILPR-785D', 'YOHANA', '', '', '1748852463', '848187.00', '0', '0', '0', '0', '839187.00', '9000', 2, 15, ''),
(177, 'BILPR-DF22', 'RESTUTA', '', '', '1748855496', '172370.00', '0', '0', '0', '0', '159370.00', '13000', 1, 15, ''),
(178, 'BILPR-03E9', 'M.KIRENGA', '', '', '1748856181', '425000.00', '0', '0', '0', '0', '420500.00', '4500', 2, 15, ''),
(179, 'BILPR-6A2B', 'MAMA', '', '', '1748857742', '139500.00', '0', '0', '0', '0', '128500.00', '11000', 1, 15, ''),
(180, 'BILPR-EBF2', 'MAMA  ERIK', '', '', '1748858189', '53200.00', '0', '0', '0', '0', '53000.00', '200', 1, 15, ''),
(181, 'BILPR-2DB6', 'CHEUSI', '', '', '1748858273', '72000.00', '0', '0', '0', '0', '72000.00', '', 1, 15, ''),
(182, 'BILPR-9183', 'M.SHISHI', '', '', '1748865255', '598744.00', '0', '0', '0', '0', '583744.00', '15000', 2, 15, ''),
(183, 'BILPR-207B', 'ASONI', '', '', '1748870588', '574000.00', '0', '0', '0', '0', '569500.00', '4500', 2, 15, ''),
(184, 'BILPR-C7BB', 'ARCLAY MAMUYA', '', '', '1748935426', '626000.00', '0', '0', '0', '0', '593000.00', '33000', 2, 15, ''),
(185, 'BILPR-1C17', 'TWAHA', '', '', '1749019874', '1028500.00', '0', '0', '0', '0', '1007000.00', '21500', 2, 15, ''),
(186, 'BILPR-FB23', 'MAMA', '', '', '1749026714', '463000.00', '0', '0', '0', '0', '463000.00', '', 2, 15, ''),
(187, 'BILPR-BD95', 'MHANDO', 'NGULELO', '', '1749026798', '382500.00', '0', '0', '0', '0', '382500.00', '', 1, 15, ''),
(188, 'BILPR-98A7', 'BABA G', '', '', '1749028399', '674000.00', '0', '0', '0', '0', '674000.00', '', 2, 15, ''),
(189, 'BILPR-9552', 'S.KISAMO', '', '0754361312', '1749031462', '159500.00', '0', '0', '0', '0', '157000.00', '2500', 1, 15, ''),
(190, 'BILPR-460D', 'MUSA', '', '', '1749041423', '845778.00', '0', '0', '0', '0', '827038.00', '18740', 1, 15, ''),
(191, 'BILPR-7675', 'KING KOLA', '', '', '1749047548', '2000000.00', '0', '0', '0', '0', '1970000.00', '30000', 2, 15, ''),
(192, 'BILPR-6A00', 'SARA ', 'ESSO', '0684826888', '1749103923', '1134600.00', '0', '0', '0', '0', '1134600.00', '', 1, 15, ''),
(193, 'BILPR-4982', 'FREDRICK', '', '', '1749108381', '424500.00', '0', '0', '0', '0', '411000.00', '13500', 2, 15, ''),
(194, 'BILPR-9727', 'MAMA', '', '', '1749129039', '62900.00', '0', '0', '0', '0', '61600.00', '1300', 1, 15, ''),
(195, 'BILPR-D7C9', 'MWALIMU', '', '', '1749197998', '489000.00', '0', '0', '0', '0', '489000.00', '', 2, 15, ''),
(196, 'BILPR-7A76', 'SARA', '', '0684826888', '1749199682', '1127900.00', '0', '0', '0', '0', '1127900.00', '', 2, 15, ''),
(197, 'BILPR-00D6', 'REST', '', '', '1749466991', '226120.00', '0', '0', '0', '0', '214940.00', '11180', 2, 15, ''),
(198, 'BILPR-7D0B', 'SARA', 'ESSO', '', '1749720774', '882500.00', '0', '0', '0', '0', '860000.00', '22500', 1, 15, ''),
(199, 'BILPR-1902', 'DEVI', '', '', '1749725395', '386770.00', '0', '0', '0', '0', '381740.00', '5030', 2, 15, ''),
(200, 'BILPR-5D03', 'FARIDA\'S ORDER', '', '', '1750238579', '1388000.00', '0', '0', '0', '0', '1387000.00', '1000', 2, 15, ''),
(201, 'BILPR-E3EE', 'DIRMA HOLDINGS  TANZANIA LTD', 'SAKINA', '106 019 533', '1751980210', '209050.00', '0', '0', '0', '0', '204050.00', '5000', 1, 15, ''),
(202, 'BILPR-189B', 'MAMUYA', '', '', '1751983513', '1021879.00', '0', '0', '0', '0', '1021879.00', '', 1, 15, ''),
(203, 'BILPR-BC91', 'MAMUYA', '', '', '1751983903', '2299590.00', '0', '0', '0', '0', '2260510.00', '39080', 2, 15, ''),
(204, 'BILPR-8647', 'ezekiel', 'sinon', '0743991025', '1752471241', '1000.00', '0', '0', '0', '0', '1000.00', '', 2, 1, '');

-- --------------------------------------------------------

--
-- Table structure for table `orders_item`
--

CREATE TABLE `orders_item` (
  `id` int(11) NOT NULL,
  `order_id` int(11) NOT NULL,
  `product_id` int(11) NOT NULL,
  `qty` varchar(255) NOT NULL,
  `rate` varchar(255) NOT NULL,
  `amount` varchar(255) NOT NULL
) ENGINE=InnoDB DEFAULT CHARSET=utf8 COLLATE=utf8_general_ci;

--
-- Dumping data for table `orders_item`
--

INSERT INTO `orders_item` (`id`, `order_id`, `product_id`, `qty`, `rate`, `amount`) VALUES
(28, 9, 16, '13', '35', '455.00'),
(29, 9, 11, '16', '3', '48.00'),
(34, 10, 17, '8', '98', '784.00'),
(35, 10, 16, '10', '35', '350.00'),
(36, 10, 11, '18', '3', '54.00'),
(37, 10, 8, '2', '2349', '2349.00'),
(44, 11, 15, '1', '82', '82.00'),
(45, 11, 13, '1', '189', '189.00'),
(46, 11, 8, '1', '2349', '2349.00'),
(47, 12, 16, '1', '35', '35.00'),
(48, 12, 15, '1', '82', '82.00'),
(50, 13, 19, '1', '580', '580.00'),
(53, 14, 19, '111', '580', '64380.00'),
(54, 15, 66, '10', '4532', '45320.00'),
(55, 15, 65, '11', '454', '4994.00'),
(56, 16, 73, '1', '4000', '4000.00'),
(77, 21, 74, '1', '2000', '2000.00'),
(78, 22, 20, '100', '580', '58000.00'),
(87, 24, 24, '50', '1000', '50000.00'),
(88, 24, 22, '50', '850', '42500.00'),
(121, 26, 20, '8', '580', '4640.00'),
(122, 26, 24, '1', '1000', '1000.00'),
(123, 26, 27, '1', '900', '900.00'),
(124, 26, 29, '1', '3500', '3500.00'),
(133, 25, 24, '50', '1000', '50000.00'),
(134, 25, 20, '1000', '580', '580000.00'),
(138, 28, 37, '200', '500', '100000.00'),
(139, 23, 20, '50', '580', '29000.00'),
(140, 23, 27, '10', '900', '9000.00'),
(173, 29, 74, '1', '2000', '2000.00'),
(174, 29, 41, '2', '1000', '2000.00'),
(175, 29, 24, '1', '1000', '1000.00'),
(176, 29, 68, '1', '600', '600.00'),
(177, 29, 27, '1', '900', '900.00'),
(178, 29, 23, '1', '750', '750.00'),
(179, 29, 37, '1', '500', '500.00'),
(180, 29, 37, '1', '500', '500.00'),
(187, 30, 20, '300', '580', '174000.00'),
(188, 30, 35, '100', '350', '35000.00'),
(189, 30, 32, '50', '1500', '75000.00'),
(203, 32, 20, '1034', '580', '599720.00'),
(204, 32, 27, '50', '900', '45000.00'),
(205, 32, 49, '25', '1000', '25000.00'),
(206, 31, 21, '1044', '250', '261000.00'),
(207, 31, 41, '200', '1000', '200000.00'),
(208, 31, 62, '4', '3000', '12000.00'),
(210, 33, 41, '50', '1000', '50000.00'),
(214, 34, 21, '150', '250', '37500.00'),
(215, 34, 68, '150', '600', '90000.00'),
(216, 34, 37, '150', '500', '75000.00'),
(218, 35, 20, '116', '580', '67280.00'),
(220, 36, 20, '96', '580', '55680.00'),
(249, 38, 20, '98', '580', '56840.00'),
(250, 38, 76, '200', '380', '76000.00'),
(251, 37, 68, '1', '600', '600.00'),
(252, 37, 36, '1', '500', '500.00'),
(253, 37, 74, '2', '2000', '4000.00'),
(254, 37, 24, '2', '1000', '2000.00'),
(255, 37, 51, '1', '1500', '1500.00'),
(256, 37, 26, '1', '1200', '1200.00'),
(257, 37, 27, '5', '900', '4500.00'),
(258, 37, 20, '20', '580', '11600.00'),
(267, 40, 20, '50', '580', '29000.00'),
(268, 40, 23, '25', '750', '18750.00'),
(269, 40, 22, '5', '850', '4250.00'),
(270, 40, 37, '2', '500', '1000.00'),
(272, 41, 20, '110.8', '580', '64264.00'),
(309, 39, 20, '45', '580', '26100.00'),
(310, 39, 27, '5', '900', '4500.00'),
(319, 27, 76, '100', '380', '38000.00'),
(320, 27, 27, '100', '900', '90000.00'),
(321, 27, 41, '200', '1000', '200000.00'),
(322, 27, 57, '12', '3000', '36000.00'),
(323, 27, 58, '12', '3000', '36000.00'),
(324, 27, 48, '100', '1000', '100000.00'),
(325, 27, 23, '70', '750', '52500.00'),
(326, 27, 21, '841', '250', '210250.00'),
(328, 44, 20, '21', '580', '12180.00'),
(330, 45, 20, '117', '580', '67860.00'),
(332, 46, 21, '40', '250', '10000.00'),
(335, 47, 22, '15', '850', '12750.00'),
(336, 47, 20, '82', '580', '47560.00'),
(343, 48, 20, '82', '580', '47560.00'),
(344, 48, 62, '2', '3000', '6000.00'),
(345, 48, 37, '10', '500', '5000.00'),
(346, 48, 68, '10', '600', '6000.00'),
(347, 48, 57, '2', '3000', '6000.00'),
(348, 48, 74, '10', '2000', '20000.00'),
(349, 49, 20, '1018', '580', '590440.00'),
(352, 50, 21, '133', '250', '33250.00'),
(353, 50, 20, '62', '580', '35960.00'),
(358, 51, 49, '50', '1000', '50000.00'),
(359, 51, 48, '50', '1000', '50000.00'),
(360, 51, 20, '346', '580', '200680.00'),
(361, 51, 26, '15', '1200', '18000.00'),
(366, 52, 72, '100', '960', '96000.00'),
(367, 52, 20, '150', '580', '87000.00'),
(368, 52, 21, '50', '250', '12500.00'),
(369, 52, 22, '50', '850', '42500.00'),
(374, 53, 20, '30', '580', '17400.00'),
(375, 53, 29, '2', '3500', '7000.00'),
(377, 54, 20, '1130', '580', '655400.00'),
(388, 43, 41, '200', '1000', '200000.00'),
(389, 43, 42, '50', '1000', '50000.00'),
(390, 43, 71, '50', '700', '35000.00'),
(391, 43, 43, '100', '1000', '100000.00'),
(392, 43, 29, '36', '3500', '126000.00'),
(393, 43, 48, '50', '1000', '50000.00'),
(394, 43, 49, '100', '1000', '100000.00'),
(395, 43, 51, '70', '1500', '105000.00'),
(396, 43, 21, '575', '250', '143750.00'),
(397, 43, 76, '200', '380', '76000.00'),
(400, 55, 68, '50', '600', '30000.00'),
(401, 55, 37, '200', '500', '100000.00'),
(412, 56, 20, '20', '580', '11600.00'),
(413, 56, 29, '2', '3500', '7000.00'),
(414, 56, 26, '1', '1200', '1200.00'),
(415, 56, 68, '1', '600', '600.00'),
(416, 56, 24, '1', '1000', '1000.00'),
(421, 57, 20, '1710', '580', '991800.00'),
(422, 57, 48, '25', '1000', '25000.00'),
(423, 57, 37, '50', '500', '25000.00'),
(424, 57, 35, '50', '350', '17500.00'),
(442, 59, 20, '100', '580', '58000.00'),
(451, 60, 20, '50', '580', '29000.00'),
(452, 60, 68, '50', '600', '30000.00'),
(453, 60, 43, '50', '1000', '50000.00'),
(454, 60, 41, '50', '1000', '50000.00'),
(455, 60, 24, '25', '1000', '25000.00'),
(456, 60, 37, '50', '500', '25000.00'),
(457, 60, 42, '25', '1000', '25000.00'),
(458, 60, 29, '17', '3500', '59500.00'),
(479, 62, 20, '30', '580', '17400.00'),
(480, 62, 35, '5', '350', '1750.00'),
(481, 62, 74, '2', '2000', '4000.00'),
(482, 62, 24, '5', '1000', '5000.00'),
(483, 62, 38, '1', '1500', '1500.00'),
(484, 62, 57, '1', '3000', '3000.00'),
(485, 61, 20, '1000', '580', '580000.00'),
(486, 61, 37, '50', '500', '25000.00'),
(487, 61, 24, '25', '1000', '25000.00'),
(488, 61, 22, '50', '850', '42500.00'),
(489, 61, 49, '50', '1000', '50000.00'),
(490, 61, 35, '50', '350', '17500.00'),
(491, 61, 27, '50', '900', '45000.00'),
(515, 64, 20, '14', '580', '8120.00'),
(516, 64, 23, '5', '750', '3750.00'),
(517, 64, 22, '4', '850', '3400.00'),
(518, 64, 61, '1', '2000', '2000.00'),
(519, 64, 49, '3', '1000', '3000.00'),
(520, 65, 20, '500', '580', '290000.00'),
(522, 66, 20, '2000', '580', '1160000.00'),
(544, 67, 20, '35', '580', '20300.00'),
(545, 67, 68, '1', '600', '600.00'),
(546, 67, 29, '1', '3500', '3500.00'),
(547, 67, 75, '1', '1000', '1000.00'),
(548, 67, 24, '1', '1000', '1000.00'),
(549, 67, 37, '1', '500', '500.00'),
(550, 67, 51, '1', '1500', '1500.00'),
(555, 68, 20, '50', '580', '29000.00'),
(556, 68, 76, '50', '380', '19000.00'),
(557, 68, 29, '1', '3500', '3500.00'),
(558, 68, 51, '2', '1500', '3000.00'),
(560, 69, 24, '300', '1000', '300000.00'),
(564, 70, 20, '100', '580', '58000.00'),
(565, 70, 21, '100', '250', '25000.00'),
(566, 70, 23, '70', '750', '52500.00'),
(567, 63, 20, '1300', '580', '754000.00'),
(568, 63, 35, '50', '350', '17500.00'),
(569, 63, 24, '50', '1000', '50000.00'),
(570, 63, 37, '100', '500', '50000.00'),
(571, 63, 68, '50', '600', '30000.00'),
(572, 63, 29, '038', '3500', '133000.00'),
(575, 71, 25, '400', '1200', '480000.00'),
(576, 71, 20, '600', '580', '348000.00'),
(586, 72, 20, '188', '580', '109040.00'),
(587, 72, 22, '25', '850', '21250.00'),
(588, 72, 36, '1', '500', '500.00'),
(599, 73, 75, '3', '1000', '3000.00'),
(600, 73, 71, '4', '700', '2800.00'),
(601, 73, 74, '2', '2000', '4000.00'),
(602, 73, 37, '1', '500', '500.00'),
(603, 73, 57, '1', '3000', '3000.00'),
(604, 73, 29, '1', '3500', '3500.00'),
(605, 73, 24, '3', '1000', '3000.00'),
(606, 73, 27, '5', '900', '4500.00'),
(607, 73, 20, '50', '580', '29000.00'),
(608, 73, 35, '2', '350', '700.00'),
(623, 75, 21, '700', '250', '175000.00'),
(624, 75, 24, '100', '1000', '100000.00'),
(625, 75, 37, '50', '500', '25000.00'),
(626, 75, 68, '50', '600', '30000.00'),
(627, 75, 29, '36', '3500', '126000.00'),
(650, 74, 39, '25', '2000', '50000.00'),
(651, 74, 51, '30', '1500', '45000.00'),
(652, 74, 26, '30', '1200', '36000.00'),
(653, 74, 20, '300', '580', '174000.00'),
(659, 76, 20, '50', '580', '29000.00'),
(660, 76, 21, '10', '250', '2500.00'),
(661, 76, 22, '5', '850', '4250.00'),
(662, 76, 37, '1', '500', '500.00'),
(663, 76, 36, '1', '500', '500.00'),
(664, 58, 20, '13', '580', '7540.00'),
(665, 58, 24, '2', '1000', '2000.00'),
(666, 58, 35, '1', '350', '350.00'),
(667, 58, 27, '1', '900', '900.00'),
(668, 58, 38, '1', '1500', '1500.00'),
(669, 58, 30, '1', '1500', '1500.00'),
(670, 58, 29, '1', '3500', '3500.00'),
(671, 58, 74, '1', '2000', '2000.00'),
(698, 78, 20, '255', '580', '147900.00'),
(699, 78, 37, '100', '500', '50000.00'),
(701, 79, 20, '1000', '580', '580000.00'),
(720, 81, 20, '843', '570', '480510.00'),
(721, 81, 76, '100', '380', '38000.00'),
(722, 81, 21, '100', '250', '25000.00'),
(723, 81, 23, '70', '750', '52500.00'),
(724, 81, 29, '36', '3500', '126000.00'),
(726, 82, 21, '500', '250', '125000.00'),
(731, 80, 21, '819', '250', '204750.00'),
(732, 80, 23, '280', '750', '210000.00'),
(733, 80, 27, '250', '900', '225000.00'),
(734, 80, 41, '150', '1000', '150000.00'),
(735, 83, 73, '50', '4000', '200000.00'),
(752, 85, 49, '100', '1000', '100000.00'),
(771, 86, 29, '2', '3500', '7000.00'),
(772, 86, 26, '5', '1200', '6000.00'),
(773, 86, 24, '10', '1000', '10000.00'),
(774, 86, 74, '3', '2000', '6000.00'),
(775, 86, 35, '4', '350', '1400.00'),
(776, 86, 51, '2', '1500', '3000.00'),
(777, 86, 39, '2', '2000', '4000.00'),
(778, 86, 71, '4', '700', '2800.00'),
(779, 86, 37, '2', '500', '1000.00'),
(792, 87, 20, '50', '580', '29000.00'),
(793, 87, 23, '25', '750', '18750.00'),
(794, 87, 24, '5', '1000', '5000.00'),
(795, 87, 26, '5', '1200', '6000.00'),
(796, 87, 55, '1', '3000', '3000.00'),
(797, 84, 47, '200', '240', '48000.00'),
(798, 84, 20, '900', '580', '522000.00'),
(799, 84, 31, '70', '2400', '168000.00'),
(800, 84, 68, '100', '600', '60000.00'),
(801, 84, 22, '200', '850', '170000.00'),
(802, 88, 20, '50', '580', '29000.00'),
(804, 89, 20, '50', '580', '29000.00'),
(806, 90, 20, '173', '580', '100340.00'),
(809, 91, 20, '1000', '580', '580000.00'),
(810, 91, 22, '1000', '850', '850000.00'),
(812, 92, 20, '744', '580', '431520.00'),
(815, 93, 21, '500', '250', '125000.00'),
(817, 94, 24, '15', '1000', '15000.00'),
(824, 95, 20, '322', '580', '186760.00'),
(825, 95, 21, '381', '250', '95250.00'),
(827, 96, 20, '50', '580', '29000.00'),
(829, 97, 41, '100', '1000', '100000.00'),
(830, 98, 23, '140', '750', '105000.00'),
(837, 99, 50, '400', '600', '240000.00'),
(838, 99, 48, '200', '1000', '200000.00'),
(839, 99, 23, '140', '750', '105000.00'),
(840, 99, 27, '100', '950', '95000.00'),
(841, 99, 35, '200', '350', '70000.00'),
(842, 99, 21, '500', '250', '125000.00'),
(853, 100, 20, '1521', '580', '882180.00'),
(854, 101, 23, '10', '750', '7500.00'),
(855, 101, 32, '3', '1500', '4500.00'),
(856, 101, 74, '1', '2000', '2000.00'),
(857, 101, 71, '3', '700', '2100.00'),
(858, 101, 36, '1', '500', '500.00'),
(859, 101, 30, '1', '1500', '1500.00'),
(866, 102, 20, '92', '580', '53360.00'),
(867, 102, 24, '20', '1000', '20000.00'),
(868, 102, 74, '5', '2000', '10000.00'),
(869, 102, 57, '2', '3000', '6000.00'),
(870, 102, 38, '3', '1500', '4500.00'),
(871, 102, 35, '10', '350', '3500.00'),
(874, 103, 68, '50', '600', '30000.00'),
(875, 103, 26, '20', '1200', '24000.00'),
(885, 105, 20, '90.7', '580', '52606.00'),
(893, 106, 20, '50', '580', '29000.00'),
(894, 106, 24, '2', '1000', '2000.00'),
(895, 106, 48, '5', '1000', '5000.00'),
(896, 106, 27, '2', '1000', '2000.00'),
(897, 106, 68, '1', '600', '600.00'),
(898, 106, 37, '1', '500', '500.00'),
(899, 106, 74, '1', '2000', '2000.00'),
(902, 107, 76, '50', '380', '19000.00'),
(903, 107, 20, '50', '580', '29000.00'),
(906, 108, 35, '100', '350', '35000.00'),
(911, 109, 22, '377', '850', '320450.00'),
(912, 109, 20, '540', '580', '313200.00'),
(921, 110, 20, '400', '580', '232000.00'),
(922, 110, 73, '10', '4000', '40000.00'),
(923, 110, 23, '70', '750', '52500.00'),
(924, 110, 22, '100', '850', '85000.00'),
(926, 111, 21, '500', '250', '125000.00'),
(933, 112, 23, '70', '750', '52500.00'),
(934, 112, 22, '1023', '850', '869550.00'),
(935, 112, 27, '50', '1000', '50000.00'),
(936, 112, 24, '100', '1000', '100000.00'),
(938, 113, 21, '80', '250', '20000.00'),
(940, 114, 20, '96', '580', '55680.00'),
(943, 115, 20, '766.6', '580', '444628.00'),
(946, 116, 20, '274', '580', '158920.00'),
(961, 117, 20, '85.1', '580', '49358.00'),
(962, 117, 26, '250', '1200', '300000.00'),
(963, 117, 21, '504', '250', '126000.00'),
(964, 117, 51, '74', '1500', '111000.00'),
(965, 117, 47, '300', '240', '72000.00'),
(966, 117, 38, '200', '1500', '300000.00'),
(967, 117, 50, '80', '600', '48000.00'),
(974, 118, 20, '160', '580', '92800.00'),
(975, 118, 26, '50', '1200', '60000.00'),
(976, 118, 23, '70', '750', '52500.00'),
(983, 119, 20, '10', '580', '5800.00'),
(984, 119, 75, '2', '1000', '2000.00'),
(985, 119, 29, '2', '3500', '7000.00'),
(986, 119, 24, '2', '1000', '2000.00'),
(987, 119, 35, '2', '350', '700.00'),
(988, 119, 23, '2', '750', '1500.00'),
(990, 120, 20, '50', '580', '29000.00'),
(994, 121, 20, '50', '580', '29000.00'),
(995, 121, 23, '10', '750', '7500.00'),
(996, 121, 38, '1', '1500', '1500.00'),
(1009, 122, 29, '38', '3500', '133000.00'),
(1010, 122, 75, '11', '1000', '11000.00'),
(1011, 122, 22, '20', '850', '17000.00'),
(1012, 122, 24, '5', '1000', '5000.00'),
(1013, 122, 28, '20', '1000', '20000.00'),
(1014, 122, 32, '2', '1500', '3000.00'),
(1015, 123, 20, '400', '580', '232000.00'),
(1016, 123, 74, '30', '2000', '60000.00'),
(1017, 123, 35, '10', '350', '3500.00'),
(1018, 123, 58, '4', '3000', '12000.00'),
(1019, 123, 23, '70', '750', '52500.00'),
(1020, 123, 37, '10', '500', '5000.00'),
(1021, 123, 30, '10', '1500', '15000.00'),
(1022, 123, 51, '10', '1500', '15000.00'),
(1023, 123, 36, '2', '500', '1000.00'),
(1024, 123, 24, '100', '1000', '100000.00'),
(1026, 124, 20, '1531', '580', '887980.00'),
(1031, 125, 47, '50', '240', '12000.00'),
(1032, 125, 20, '114', '580', '66120.00'),
(1040, 126, 20, '871', '600', '522600.00'),
(1041, 126, 36, '50', '500', '25000.00'),
(1042, 126, 74, '25', '2000', '50000.00'),
(1043, 126, 29, '36', '3500', '126000.00'),
(1044, 126, 27, '50', '1000', '50000.00'),
(1045, 126, 22, '91', '900', '81900.00'),
(1046, 126, 24, '50', '1000', '50000.00'),
(1047, 104, 20, '565.9', '580', '328222.00'),
(1049, 127, 20, '378', '600', '226800.00'),
(1052, 128, 47, '100', '240', '24000.00'),
(1053, 128, 35, '50', '350', '17500.00'),
(1060, 129, 27, '1', '1000', '1000.00'),
(1061, 129, 20, '7', '600', '4200.00'),
(1062, 129, 24, '1', '1000', '1000.00'),
(1063, 129, 29, '1', '3500', '3500.00'),
(1064, 129, 23, '1', '750', '750.00'),
(1065, 129, 37, '1', '500', '500.00'),
(1070, 130, 21, '800', '250', '200000.00'),
(1071, 130, 39, '88', '1800', '158400.00'),
(1072, 130, 24, '40', '950', '38000.00'),
(1073, 130, 20, '40', '600', '24000.00'),
(1084, 131, 20, '1091', '600', '654600.00'),
(1085, 131, 27, '50', '1000', '50000.00'),
(1086, 131, 23, '30', '750', '22500.00'),
(1087, 131, 76, '50', '380', '19000.00'),
(1088, 131, 35, '50', '350', '17500.00'),
(1091, 132, 43, '50', '1000', '50000.00'),
(1092, 132, 41, '50', '1000', '50000.00'),
(1102, 133, 20, '150', '600', '90000.00'),
(1103, 133, 27, '30', '1000', '30000.00'),
(1104, 133, 24, '20', '950', '19000.00'),
(1105, 133, 26, '5', '1200', '6000.00'),
(1106, 133, 35, '10', '350', '3500.00'),
(1107, 133, 37, '5', '500', '2500.00'),
(1108, 133, 57, '1', '3000', '3000.00'),
(1109, 133, 74, '5', '2000', '10000.00'),
(1110, 133, 36, '1', '500', '500.00'),
(1140, 135, 20, '1512', '600', '907200.00'),
(1141, 135, 26, '25', '1200', '30000.00'),
(1142, 135, 27, '50', '1000', '50000.00'),
(1143, 135, 35, '50', '350', '17500.00'),
(1144, 135, 39, '10', '1800', '18000.00'),
(1154, 136, 20, '1830.9', '600', '1098540.00'),
(1155, 137, 68, '100', '600', '60000.00'),
(1156, 137, 26, '250', '1200', '300000.00'),
(1157, 137, 76, '300', '380', '114000.00'),
(1158, 137, 20, '1100', '580', '638000.00'),
(1159, 138, 20, '30', '580', '17400.00'),
(1160, 138, 24, '1', '1000', '1000.00'),
(1161, 138, 29, '1', '3500', '3500.00'),
(1162, 138, 35, '1', '350', '350.00'),
(1163, 138, 37, '1', '500', '500.00'),
(1164, 138, 68, '1', '600', '600.00'),
(1165, 138, 27, '2', '1000', '2000.00'),
(1171, 139, 20, '162', '600', '97200.00'),
(1172, 139, 26, '50', '1200', '60000.00'),
(1173, 139, 62, '7', '3000', '21000.00'),
(1174, 139, 22, '50', '900', '45000.00'),
(1175, 139, 23, '70', '750', '52500.00'),
(1180, 140, 47, '200', '240', '48000.00'),
(1181, 140, 35, '210', '350', '73500.00'),
(1182, 140, 20, '1000', '600', '600000.00'),
(1183, 140, 22, '200', '900', '180000.00'),
(1199, 134, 20, '570', '600', '342000.00'),
(1200, 134, 74, '1', '2000', '2000.00'),
(1201, 134, 41, '6', '1000', '6000.00'),
(1202, 134, 24, '3', '950', '2850.00'),
(1203, 134, 22, '280', '900', '252000.00'),
(1204, 134, 36, '50', '500', '25000.00'),
(1205, 134, 68, '1', '600', '600.00'),
(1206, 134, 23, '210', '750', '157500.00'),
(1223, 141, 26, '250', '1200', '300000.00'),
(1224, 141, 41, '200', '1000', '200000.00'),
(1225, 141, 42, '250', '1000', '250000.00'),
(1226, 141, 28, '250', '1000', '250000.00'),
(1227, 141, 44, '100', '1000', '100000.00'),
(1228, 141, 43, '100', '1000', '100000.00'),
(1229, 141, 27, '50', '1000', '50000.00'),
(1230, 142, 20, '1293', '590', '762870.00'),
(1231, 142, 28, '50', '1000', '50000.00'),
(1234, 143, 20, '1293', '590', '762870.00'),
(1235, 143, 28, '50', '1000', '50000.00'),
(1240, 144, 20, '1303.9', '590', '769301.00'),
(1241, 144, 23, '140', '750', '105000.00'),
(1242, 145, 20, '1309.8', '590', '772782.00'),
(1243, 145, 28, '100', '1000', '100000.00'),
(1244, 145, 47, '50', '240', '12000.00'),
(1246, 146, 41, '50', '1000', '50000.00'),
(1250, 147, 20, '258', '590', '152220.00'),
(1251, 147, 68, '30', '600', '18000.00'),
(1252, 147, 22, '100', '900', '90000.00'),
(1256, 148, 76, '600', '380', '228000.00'),
(1261, 149, 20, '200', '590', '118000.00'),
(1262, 149, 68, '100', '600', '60000.00'),
(1268, 150, 23, '140', '750', '105000.00'),
(1269, 150, 76, '100', '380', '38000.00'),
(1270, 150, 22, '200', '900', '180000.00'),
(1271, 150, 20, '200', '590', '118000.00'),
(1272, 150, 26, '50', '1200', '60000.00'),
(1276, 151, 76, '50', '380', '19000.00'),
(1277, 151, 74, '25', '2000', '50000.00'),
(1278, 151, 68, '20', '600', '12000.00'),
(1282, 152, 20, '100', '590', '59000.00'),
(1283, 152, 26, '25', '1200', '30000.00'),
(1284, 152, 68, '50', '600', '30000.00'),
(1289, 153, 20, '942.6', '590', '556134.00'),
(1290, 153, 22, '92', '900', '82800.00'),
(1291, 153, 26, '10', '1200', '12000.00'),
(1292, 153, 47, '50', '240', '12000.00'),
(1305, 154, 20, '2000', '590', '1180000.00'),
(1306, 154, 25, '200', '1150', '230000.00'),
(1307, 154, 47, '500', '240', '120000.00'),
(1314, 155, 21, '524', '250', '131000.00'),
(1315, 155, 76, '200', '380', '76000.00'),
(1316, 155, 27, '250', '1000', '250000.00'),
(1322, 156, 27, '200', '1000', '200000.00'),
(1323, 156, 28, '100', '1000', '100000.00'),
(1324, 156, 43, '100', '1000', '100000.00'),
(1325, 156, 41, '50', '1000', '50000.00'),
(1326, 156, 42, '50', '1000', '50000.00'),
(1333, 157, 20, '916.8', '590', '540912.00'),
(1334, 157, 24, '150', '1000', '150000.00'),
(1335, 157, 49, '100', '1000', '100000.00'),
(1340, 158, 41, '300', '1000', '300000.00'),
(1341, 158, 27, '200', '1000', '200000.00'),
(1342, 158, 45, '100', '2000', '200000.00'),
(1343, 158, 28, '150', '1000', '150000.00'),
(1347, 159, 43, '150', '1000', '150000.00'),
(1348, 159, 42, '150', '1000', '150000.00'),
(1349, 159, 28, '100', '1000', '100000.00'),
(1360, 160, 20, '50', '590', '29500.00'),
(1361, 160, 41, '1', '1000', '1000.00'),
(1362, 160, 74, '1', '2000', '2000.00'),
(1363, 160, 57, '1', '3000', '3000.00'),
(1364, 160, 35, '2', '350', '700.00'),
(1365, 160, 37, '1', '500', '500.00'),
(1366, 160, 39, '1', '1800', '1800.00'),
(1367, 160, 28, '1', '1000', '1000.00'),
(1368, 160, 24, '1', '1000', '1000.00'),
(1369, 160, 29, '1', '3500', '3500.00'),
(1372, 161, 20, '100', '590', '59000.00'),
(1373, 161, 21, '50', '250', '12500.00'),
(1374, 162, 20, '1042.2', '590', '614898.00'),
(1378, 163, 28, '50', '1000', '50000.00'),
(1379, 163, 47, '50', '240', '12000.00'),
(1380, 163, 27, '50', '1000', '50000.00'),
(1385, 164, 50, '240', '600', '144000.00'),
(1386, 164, 20, '1260', '590', '743400.00'),
(1397, 165, 20, '1021', '590', '602390.00'),
(1398, 165, 22, '50', '900', '45000.00'),
(1399, 165, 26, '20', '1200', '24000.00'),
(1400, 165, 71, '10', '700', '7000.00'),
(1401, 165, 28, '50', '1000', '50000.00'),
(1402, 166, 20, '100', '590', '59000.00'),
(1403, 166, 26, '50', '1200', '60000.00'),
(1404, 166, 23, '105', '750', '78750.00'),
(1413, 167, 20, '1240.9', '590', '732131.00'),
(1414, 167, 74, '50', '2000', '100000.00'),
(1415, 167, 28, '50', '1000', '50000.00'),
(1416, 167, 27, '50', '1000', '50000.00'),
(1417, 168, 68, '500', '600', '300000.00'),
(1424, 169, 24, '300', '1000', '300000.00'),
(1425, 169, 26, '300', '1300', '390000.00'),
(1426, 169, 23, '140', '750', '105000.00'),
(1428, 170, 72, '1022.1', '960', '981216.00'),
(1432, 171, 21, '190', '250', '47500.00'),
(1433, 171, 47, '150', '240', '36000.00'),
(1434, 171, 68, '150', '600', '90000.00'),
(1435, 172, 75, '1', '1000', '1000.00'),
(1436, 173, 20, '50', '590', '29500.00'),
(1443, 174, 76, '250', '380', '95000.00'),
(1444, 174, 27, '100', '1000', '100000.00'),
(1445, 174, 41, '200', '1000', '200000.00'),
(1446, 174, 50, '80', '600', '48000.00'),
(1447, 174, 24, '300', '1000', '300000.00'),
(1448, 174, 45, '100', '2000', '200000.00'),
(1452, 175, 23, '140', '750', '105000.00'),
(1453, 175, 24, '500', '1000', '500000.00'),
(1454, 175, 43, '100', '1000', '100000.00'),
(1461, 176, 20, '1239.3', '590', '731187.00'),
(1462, 176, 23, '140', '750', '105000.00'),
(1463, 176, 47, '50', '240', '12000.00'),
(1478, 178, 22, '250', '900', '225000.00'),
(1479, 178, 23, '70', '750', '52500.00'),
(1480, 178, 20, '250', '590', '147500.00'),
(1487, 179, 68, '25', '600', '15000.00'),
(1488, 179, 24, '25', '1000', '25000.00'),
(1489, 179, 47, '25', '240', '6000.00'),
(1490, 179, 29, '4', '3500', '14000.00'),
(1491, 179, 46, '25', '2000', '50000.00'),
(1492, 179, 20, '50', '590', '29500.00'),
(1505, 180, 20, '50', '590', '29500.00'),
(1506, 180, 27, '7', '1000', '7000.00'),
(1507, 180, 26, '5', '1300', '6500.00'),
(1508, 180, 24, '3', '1000', '3000.00'),
(1509, 180, 68, '2', '600', '1200.00'),
(1510, 180, 74, '3', '2000', '6000.00'),
(1515, 181, 20, '100', '590', '59000.00'),
(1516, 181, 26, '10', '1300', '13000.00'),
(1542, 42, 20, '100', '580', '58000.00'),
(1543, 42, 21, '400', '250', '100000.00'),
(1544, 42, 58, '3', '3000', '9000.00'),
(1545, 42, 74, '10', '2000', '20000.00'),
(1546, 42, 30, '10', '1500', '15000.00'),
(1547, 42, 36, '2', '500', '1000.00'),
(1548, 42, 24, '4', '1000', '4000.00'),
(1549, 42, 28, '2', '1000', '2000.00'),
(1554, 182, 47, '150', '240', '36000.00'),
(1555, 182, 22, '150', '900', '135000.00'),
(1556, 182, 20, '521.6', '590', '307744.00'),
(1557, 182, 31, '50', '2400', '120000.00'),
(1558, 183, 20, '500', '590', '295000.00'),
(1559, 183, 23, '70', '750', '52500.00'),
(1560, 183, 24, '100', '1000', '100000.00'),
(1561, 183, 51, '10', '1500', '15000.00'),
(1562, 183, 38, '8', '1500', '12000.00'),
(1563, 183, 37, '10', '500', '5000.00'),
(1564, 183, 68, '10', '600', '6000.00'),
(1565, 183, 30, '10', '1500', '15000.00'),
(1566, 183, 58, '4', '3000', '12000.00'),
(1567, 183, 74, '30', '2000', '60000.00'),
(1568, 183, 36, '3', '500', '1500.00'),
(1573, 184, 21, '200', '250', '50000.00'),
(1574, 184, 76, '300', '380', '114000.00'),
(1575, 184, 26, '300', '1300', '390000.00'),
(1576, 184, 50, '120', '600', '72000.00'),
(1585, 185, 20, '1600', '590', '944000.00'),
(1586, 185, 39, '15', '1800', '27000.00'),
(1587, 185, 26, '25', '1300', '32500.00'),
(1588, 185, 36, '50', '500', '25000.00'),
(1593, 186, 48, '100', '1000', '100000.00'),
(1594, 186, 41, '200', '1000', '200000.00'),
(1595, 186, 36, '250', '500', '125000.00'),
(1596, 186, 76, '100', '380', '38000.00'),
(1601, 187, 23, '350', '750', '262500.00'),
(1602, 187, 50, '200', '600', '120000.00'),
(1606, 188, 20, '200', '590', '118000.00'),
(1607, 188, 25, '400', '1150', '460000.00'),
(1608, 188, 47, '400', '240', '96000.00'),
(1612, 189, 47, '100', '240', '24000.00'),
(1613, 189, 35, '50', '350', '17500.00'),
(1614, 189, 20, '200', '590', '118000.00'),
(1618, 190, 20, '1324.2', '590', '781278.00'),
(1619, 190, 47, '50', '240', '12000.00'),
(1620, 190, 23, '70', '750', '52500.00'),
(1623, 191, 36, '500', '500', '250000.00'),
(1624, 191, 29, '500', '3500', '1750000.00'),
(1643, 192, 74, '100', '2000', '200000.00'),
(1644, 192, 69, '50', '2000', '100000.00'),
(1645, 192, 47, '500', '240', '120000.00'),
(1646, 192, 50, '120', '600', '72000.00'),
(1647, 192, 41, '200', '1000', '200000.00'),
(1648, 192, 23, '140', '750', '105000.00'),
(1649, 192, 35, '200', '350', '70000.00'),
(1650, 192, 31, '49', '2400', '117600.00'),
(1651, 192, 48, '150', '1000', '150000.00'),
(1655, 193, 23, '210', '750', '157500.00'),
(1656, 193, 20, '300', '590', '177000.00'),
(1657, 193, 22, '100', '900', '90000.00'),
(1668, 194, 20, '50', '590', '29500.00'),
(1669, 194, 27, '15', '1000', '15000.00'),
(1670, 194, 28, '5', '1000', '5000.00'),
(1671, 194, 29, '2', '3500', '7000.00'),
(1672, 194, 37, '1', '500', '500.00'),
(1673, 194, 68, '2', '600', '1200.00'),
(1674, 194, 35, '2', '350', '700.00'),
(1675, 194, 36, '0.5', '500', '250.00'),
(1676, 194, 38, '0.5', '1500', '750.00'),
(1677, 194, 57, '1', '3000', '3000.00'),
(1678, 195, 20, '300', '590', '177000.00'),
(1679, 195, 47, '50', '240', '12000.00'),
(1680, 195, 68, '30', '600', '18000.00'),
(1681, 195, 72, '200', '960', '192000.00'),
(1682, 195, 22, '100', '900', '90000.00'),
(1690, 196, 24, '600', '1000', '600000.00'),
(1691, 196, 23, '140', '750', '105000.00'),
(1692, 196, 62, '12', '3000', '36000.00'),
(1693, 196, 54, '2', '11000', '22000.00'),
(1694, 196, 59, '2', '11000', '22000.00'),
(1695, 196, 22, '301', '900', '270900.00'),
(1696, 196, 50, '120', '600', '72000.00'),
(1697, 177, 20, '218', '590', '128620.00'),
(1698, 177, 26, '20', '1300', '26000.00'),
(1699, 177, 35, '20', '350', '7000.00'),
(1700, 177, 36, '0.5', '500', '250.00'),
(1701, 177, 57, '1', '3000', '3000.00'),
(1702, 177, 38, '3', '1500', '4500.00'),
(1703, 177, 49, '10', '', ''),
(1704, 197, 20, '218', '590', '128620.00'),
(1705, 197, 26, '20', '1300', '26000.00'),
(1706, 197, 74, '10', '2000', '20000.00'),
(1707, 197, 57, '10', '3000', '30000.00'),
(1708, 197, 35, '20', '350', '7000.00'),
(1709, 197, 38, '3', '1500', '4500.00'),
(1710, 197, 49, '10', '1000', '10000.00'),
(1717, 198, 47, '500', '240', '120000.00'),
(1718, 198, 24, '500', '1000', '500000.00'),
(1719, 198, 23, '350', '750', '262500.00'),
(1723, 199, 68, '50', '600', '30000.00'),
(1724, 199, 20, '503', '590', '296770.00'),
(1725, 199, 47, '250', '240', '60000.00'),
(1748, 200, 72, '800', '780', '624000.00'),
(1749, 200, 20, '300', '580', '174000.00'),
(1750, 200, 22, '100', '700', '70000.00'),
(1751, 200, 50, '150', '650', '97500.00'),
(1752, 200, 34, '70', '600', '42000.00'),
(1753, 200, 32, '150', '1300', '195000.00'),
(1754, 200, 30, '10', '1500', '15000.00'),
(1755, 200, 36, '5', '500', '2500.00'),
(1756, 200, 56, '2', '3000', '6000.00'),
(1757, 200, 51, '100', '1500', '150000.00'),
(1758, 200, 47, '50', '240', '12000.00'),
(1766, 77, 57, '1', '3000', '3000.00'),
(1767, 77, 37, '1', '500', '500.00'),
(1768, 77, 38, '1', '1500', '1500.00'),
(1769, 77, 20, '35', '580', '20300.00'),
(1770, 77, 24, '4', '1000', '4000.00'),
(1771, 77, 68, '2', '600', '1200.00'),
(1772, 77, 29, '1', '3500', '3500.00'),
(1773, 77, 27, '10', '1000', '10000.00'),
(1774, 77, 74, '2', '2000', '4000.00'),
(1775, 77, 48, '3', '1000', '3000.00'),
(1794, 201, 20, '150', '580', '87000.00'),
(1795, 201, 23, '75', '750', '56250.00'),
(1796, 201, 22, '63', '850', '53550.00'),
(1797, 201, 64, '4', '2500', '10000.00'),
(1798, 201, 37, '3', '500', '1500.00'),
(1799, 201, 36, '1.5', '500', '750.00'),
(1824, 202, 22, '505.8', '850', '429930.00'),
(1825, 202, 53, '254.7', '670', '170649.00'),
(1826, 202, 26, '250', '1300', '325000.00'),
(1827, 202, 76, '250', '380', '95000.00'),
(1828, 202, 50, '1', '650', '650.00'),
(1829, 202, 21, '5009', '', ''),
(1842, 203, 21, '5009', '240', '1202160.00'),
(1843, 203, 22, '505', '850', '429250.00'),
(1844, 203, 26, '250', '1300', '325000.00'),
(1845, 203, 50, '120', '650', '78000.00'),
(1846, 203, 53, '254', '670', '170180.00'),
(1847, 203, 76, '250', '380', '95000.00'),
(1848, 204, 75, '1', '1000', '1000.00');

-- --------------------------------------------------------

--
-- Table structure for table `products`
--

CREATE TABLE `products` (
  `id` int(11) NOT NULL,
  `name` varchar(255) NOT NULL,
  `sku` varchar(255) NOT NULL,
  `price` varchar(255) NOT NULL,
  `qty` varchar(255) NOT NULL,
  `description` text NOT NULL,
  `attribute_value_id` text DEFAULT NULL,
  `brand_id` text NOT NULL,
  `category_id` text NOT NULL,
  `image` varchar(255) DEFAULT NULL,
  `store_id` int(11) NOT NULL,
  `availability` int(11) NOT NULL,
  `stock` int(11) NOT NULL DEFAULT 0
) ENGINE=InnoDB DEFAULT CHARSET=utf8 COLLATE=utf8_general_ci;

--
-- Dumping data for table `products`
--

INSERT INTO `products` (`id`, `name`, `sku`, `price`, `qty`, `description`, `attribute_value_id`, `brand_id`, `category_id`, `image`, `store_id`, `availability`, `stock`) VALUES
(20, 'Pumba', '', '580', '-50160', '<p><i></i><i></i><br></p>', 'null', 'null', '[\"14\"]', '<p>You did not select a file to upload.</p>', 7, 1, 0),
(21, 'Pumba mchele ngumu', '', '240', '12725', '', 'null', 'null', 'null', '<p>You did not select a file to upload.</p>', 7, 1, 0),
(22, 'Shudu ngumu', '', '850', '-1442', '', 'null', 'null', 'null', '<p>You did not select a file to upload.</p>', 7, 1, 0),
(23, 'Pollard', '', '750', '-3365', '', 'null', 'null', 'null', '<p>You did not select a file to upload.</p>', 7, 1, 0),
(24, 'Shudu laini', '', '1000', '-727', '', 'null', 'null', 'null', '<p>You did not select a file to upload.</p>', 7, 1, 0),
(25, 'Pamba ngumu', '', '1150', '9400', '', 'null', 'null', 'null', '<p>You did not select a file to upload.</p>', 7, 1, 0),
(26, 'Pamba laini', '', '1300', '1477', '', 'null', 'null', 'null', '<p>You did not select a file to upload.</p>', 7, 1, 0),
(27, 'Mahindi Paraza', '', '1000', '-969', '', 'null', 'null', 'null', '<p>You did not select a file to upload.</p>', 7, 1, 0),
(28, 'Ngano', '', '1000', '-558', '', 'null', 'null', 'null', '<p>You did not select a file to upload.</p>', 7, 1, 0),
(29, 'Uduvi', '', '3500', '-742', '', 'null', 'null', 'null', '<p>You did not select a file to upload.</p>', 7, 1, 0),
(30, 'Hamira', '', '1500', '1470', '', 'null', 'null', 'null', '<p>You did not select a file to upload.</p>', 7, 1, 0),
(31, 'Dagaa(Kauzu)', '', '2400', '2204', '', 'null', 'null', 'null', '<p>You did not select a file to upload.</p>', 7, 1, 0),
(32, 'Makayebo', '', '1300', '8395', '', 'null', 'null', 'null', '<p>You did not select a file to upload.</p>', 7, 1, 0),
(33, 'Makayebo waliosagwa', '', '2000', '1966', '', 'null', 'null', 'null', '<p>You did not select a file to upload.</p>', 7, 1, 0),
(34, 'Mfupa', '', '600', '1080', '', 'null', 'null', 'null', '<p>You did not select a file to upload.</p>', 7, 1, 0),
(35, 'Konokono', '', '350', '7798', '', 'null', 'null', 'null', '<p>You did not select a file to upload.</p>', 7, 1, 0),
(36, 'Chumvi', '', '500', '332', '', 'null', 'null', 'null', '<p>You did not select a file to upload.</p>', 7, 1, 0),
(37, 'Chokaa', '', '500', '2783', '', 'null', 'null', 'null', '<p>You did not select a file to upload.</p>', 7, 1, 0),
(38, 'DCP ya kupima', '', '1500', '2716', '', 'null', 'null', 'null', '<p>You did not select a file to upload.</p>', 7, 1, 0),
(39, 'Soya Unga', '', '1800', '1352', '', 'null', 'null', 'null', '<p>You did not select a file to upload.</p>', 7, 1, 0),
(40, 'Soya Chenga', '', '2500', '1204', '', 'null', 'null', 'null', '<p>You did not select a file to upload.</p>', 7, 1, 0),
(41, 'Layers', '', '1000', '-2093', '', 'null', 'null', 'null', '<p>You did not select a file to upload.</p>', 7, 1, 0),
(42, 'Broiler starter', '', '1000', '-150', '', 'null', 'null', 'null', '<p>You did not select a file to upload.</p>', 7, 1, 0),
(43, 'Grower', '', '1000', '-300', '', 'null', 'null', 'null', '<p>You did not select a file to upload.</p>', 7, 1, 0),
(44, 'Finisher', '', '1000', '-62', '', 'null', 'null', 'null', '<p>You did not select a file to upload.</p>', 7, 1, 0),
(45, 'Broiler pellet starter', '', '2000', '174', '', 'null', 'null', 'null', '<p>You did not select a file to upload.</p>', 7, 1, 0),
(46, 'Broiler pellet grower', '', '2000', '147', '', 'null', 'null', 'null', '<p>You did not select a file to upload.</p>', 7, 1, 0),
(47, 'Chokaa jumla', '', '240', '-3725', '', 'null', 'null', 'null', '<p>You did not select a file to upload.</p>', 7, 1, 0),
(48, 'Pig grower', '', '1000', '-369', '', 'null', 'null', 'null', '<p>You did not select a file to upload.</p>', 7, 1, 0),
(49, 'Pig stater', '', '1000', '-339', '', 'null', 'null', 'null', '<p>You did not select a file to upload.</p>', 7, 1, 0),
(50, 'Wheat bran', '', '650', '-907', '', 'null', 'null', 'null', '<p>You did not select a file to upload.</p>', 7, 1, 0),
(51, 'Damu', '', '1500', '437', '', 'null', 'null', 'null', '<p>You did not select a file to upload.</p>', 7, 1, 0),
(52, 'Maize', '', '690', '644', '', 'null', 'null', 'null', '<p>You did not select a file to upload.</p>', 7, 1, 0),
(53, 'Ubuyu', '', '670', '-100', '', 'null', 'null', 'null', '<p>You did not select a file to upload.</p>', 7, 1, 0),
(54, 'Josera Maziwa', '', '11000', '12', '', 'null', 'null', 'null', '<p>You did not select a file to upload.</p>', 7, 1, 0),
(55, 'Maziwa Mengi(super maclick)', '', '3000', '35', '', 'null', 'null', 'null', '<p>You did not select a file to upload.</p>', 7, 1, 0),
(56, 'Broiler premix', '', '3000', '22', '', 'null', 'null', 'null', '<p>You did not select a file to upload.</p>', 7, 1, 0),
(57, 'Layers premix', '', '3000', '62', '', 'null', 'null', 'null', '<p>You did not select a file to upload.</p>', 7, 1, 0),
(58, 'Pig booster', '', '3000', '79', '', 'null', 'null', 'null', '<p>You did not select a file to upload.</p>', 7, 1, 0),
(59, 'Josera ya kunenepesha', '', '11000', '8', '', 'null', 'null', 'null', '<p>You did not select a file to upload.</p>', 7, 1, 0),
(60, 'Jiwe chumvi ya kulamba', '', '11000', '3', '', 'null', 'null', 'null', '<p>You did not select a file to upload.</p>', 7, 1, 0),
(61, 'DCP kopo ndogo', '', '2000', '4', '', 'null', 'null', 'null', '<p>You did not select a file to upload.</p>', 7, 1, 0),
(62, 'DCP kopo kubwa', '', '3000', '-15', '', 'null', 'null', 'null', '<p>You did not select a file to upload.</p>', 7, 1, 0),
(63, 'DCP ya chenga packet', '', '5000', '3', '', 'null', 'null', 'null', '<p>You did not select a file to upload.</p>', 7, 1, 0),
(64, 'Ng\'ombe mix(keen)', '', '2500', '38', '', 'null', 'null', 'null', '<p>You did not select a file to upload.</p>', 7, 1, 0),
(65, 'Maziwa mengi(Tengeru)', '', '1500', '16', '', 'null', 'null', 'null', '<p>You did not select a file to upload.</p>', 7, 1, 0),
(66, 'Bale', '', '850', '4', '', 'null', 'null', 'null', '<p>You did not select a file to upload.</p>', 7, 1, 0),
(67, 'Cotton', '', '1200', '100', '', 'null', 'null', 'null', '<p>You did not select a file to upload.</p>', 7, 1, 0),
(68, 'Mifupa Ng\'ombe', '', '600', '-438', '', 'null', 'null', 'null', '<p>You did not select a file to upload.</p>', 7, 1, 0),
(69, 'Pillet Stater', '', '2000', '324', '', 'null', 'null', 'null', '<p>You did not select a file to upload.</p>', 7, 1, 0),
(70, 'Pillet Growers', '', '2000', '173', '', 'null', 'null', 'null', '<p>You did not select a file to upload.</p>', 7, 1, 0),
(71, 'Karanga', '', '700', '-66', '', 'null', 'null', 'null', '<p>You did not select a file to upload.</p>', 7, 1, 0),
(72, 'Mahindi', '', '780', '-1478', '', 'null', 'null', 'null', '<p>You did not select a file to upload.</p>', 7, 1, 0),
(73, 'Kaudes', '', '4000', '-71', '', 'null', 'null', 'null', '<p>You did not select a file to upload.</p>', 7, 1, 0),
(74, 'Dagaa waliosagwa', '', '2000', '1646', '', 'null', 'null', 'null', '<p>You did not select a file to upload.</p>', 7, 1, 0),
(75, 'MTAMA', '', '1000', '31', '', 'null', 'null', 'null', '<p>You did not select a file to upload.</p>', 7, 1, 0),
(76, 'pumba mchele laini', '', '400', '-3025', '', 'null', 'null', 'null', '<p>You did not select a file to upload.</p>', 7, 1, 0);

-- --------------------------------------------------------

--
-- Table structure for table `product_stock_history`
--

CREATE TABLE `product_stock_history` (
  `id` int(11) NOT NULL,
  `product_id` int(11) NOT NULL,
  `qty` int(11) NOT NULL,
  `supplier` varchar(255) NOT NULL,
  `price` decimal(10,2) NOT NULL,
  `date` date NOT NULL
) ENGINE=InnoDB DEFAULT CHARSET=utf8mb4 COLLATE=utf8mb4_general_ci;

--
-- Dumping data for table `product_stock_history`
--

INSERT INTO `product_stock_history` (`id`, `product_id`, `qty`, `supplier`, `price`, `date`) VALUES
(4, 66, 10, 'jane', 120.00, '2025-05-12'),
(5, 75, 50, 'CASH', 900.00, '2025-05-17'),
(6, 57, 48, 'keen feeder', 2500.00, '2025-05-20'),
(7, 58, 72, 'keen feeder', 2500.00, '2025-05-20'),
(8, 21, 17000, 'MZEE MAKARANGA', 230.00, '2025-05-20'),
(9, 22, 1380, 'NGULELO B', 850.00, '2025-05-20'),
(10, 22, 932, 'MAJENGO', 850.00, '2025-05-20'),
(11, 20, 2119, 'ELIZA', 550.00, '2025-05-20'),
(12, 37, 150, 'POKEA', 11000.00, '2025-05-18'),
(13, 30, 123, 'MAJENGO', 1300.00, '2025-05-20');

-- --------------------------------------------------------

--
-- Table structure for table `purchases`
--

CREATE TABLE `purchases` (
  `id` int(11) NOT NULL,
  `supplier` varchar(255) NOT NULL,
  `total_amount` decimal(10,2) NOT NULL,
  `purchase_date` datetime NOT NULL,
  `user_id` int(11) NOT NULL
) ENGINE=InnoDB DEFAULT CHARSET=utf8 COLLATE=utf8_general_ci;

-- --------------------------------------------------------

--
-- Table structure for table `stores`
--

CREATE TABLE `stores` (
  `id` int(11) NOT NULL,
  `name` varchar(255) NOT NULL,
  `active` int(11) NOT NULL
) ENGINE=InnoDB DEFAULT CHARSET=utf8 COLLATE=utf8_general_ci;

--
-- Dumping data for table `stores`
--

INSERT INTO `stores` (`id`, `name`, `active`) VALUES
(6, 'MAJENGO', 1),
(7, 'NMC', 1),
(8, 'ESSO', 1),
(9, 'NGULELO', 1);

-- --------------------------------------------------------

--
-- Table structure for table `users`
--

CREATE TABLE `users` (
  `id` int(11) NOT NULL,
  `username` varchar(255) NOT NULL,
  `password` varchar(255) NOT NULL,
  `email` varchar(255) NOT NULL,
  `firstname` varchar(255) NOT NULL,
  `lastname` varchar(255) NOT NULL,
  `phone` varchar(255) NOT NULL,
  `gender` int(11) NOT NULL,
  `store_id` int(11) NOT NULL,
  `active` tinyint(1) NOT NULL DEFAULT 1,
  `role` varchar(50) NOT NULL
) ENGINE=InnoDB DEFAULT CHARSET=utf8 COLLATE=utf8_general_ci;

--
-- Dumping data for table `users`
--

INSERT INTO `users` (`id`, `username`, `password`, `email`, `firstname`, `lastname`, `phone`, `gender`, `store_id`, `active`, `role`) VALUES
(1, 'admin', '$2y$10$7rLSvRVyTQORapkDOqmkhetjF6H9lJHngr4hJMSM2lHObJbW5EQh6', 'mhandoezekiel@gmail.com', 'Ezekiel', 'Mhando', '0743991025', 1, 0, 1, 'Administrator'),
(15, 'amani', '$2y$10$Wt3IcKAfYicWACqsgmMs2u36e2Rm.ja3ew2Dk0dCnVJIbvM8SyXCu', 'amanielia248@gmail.com', 'amani', 'Elia', '0764247076', 1, 7, 1, 'Manager'),
(16, 'Athumani', '$2y$10$ajlKZOOloFwycvRkiaJLa.iKLjtxAiLCeRPYejmZKs0V3uwtudySy', 'eliangoma57@gmail.com', 'Elia', 'Athumani', '0768100089', 1, 7, 1, 'Manager'),
(19, 'RuthGeo', '$2y$10$qXKZQwUEb.GZdzUpzdsPhu2/lCQL6Hfc8bl7mcNZSU0JTHrdr.JJC', 'georgeruth50@gmail.com', 'Ruth', 'George', '0764858239', 2, 7, 1, 'Clerck');

-- --------------------------------------------------------

--
-- Table structure for table `user_group`
--

CREATE TABLE `user_group` (
  `id` int(11) NOT NULL,
  `user_id` int(11) NOT NULL,
  `group_id` int(11) NOT NULL
) ENGINE=InnoDB DEFAULT CHARSET=utf8 COLLATE=utf8_general_ci;

--
-- Dumping data for table `user_group`
--

INSERT INTO `user_group` (`id`, `user_id`, `group_id`) VALUES
(1, 1, 1),
(7, 6, 4),
(8, 7, 4),
(9, 8, 4),
(10, 9, 5),
(11, 10, 5),
(12, 11, 5),
(13, 12, 6),
(14, 19, 2),
(15, 14, 5),
(16, 15, 2),
(17, 16, 2);

--
-- Indexes for dumped tables
--

--
-- Indexes for table `activity_log`
--
ALTER TABLE `activity_log`
  ADD PRIMARY KEY (`id`);

--
-- Indexes for table `attributes`
--
ALTER TABLE `attributes`
  ADD PRIMARY KEY (`id`);

--
-- Indexes for table `attribute_value`
--
ALTER TABLE `attribute_value`
  ADD PRIMARY KEY (`id`);

--
-- Indexes for table `brands`
--
ALTER TABLE `brands`
  ADD PRIMARY KEY (`id`);

--
-- Indexes for table `categories`
--
ALTER TABLE `categories`
  ADD PRIMARY KEY (`id`);

--
-- Indexes for table `company`
--
ALTER TABLE `company`
  ADD PRIMARY KEY (`id`);

--
-- Indexes for table `groups`
--
ALTER TABLE `groups`
  ADD PRIMARY KEY (`id`);

--
-- Indexes for table `orders`
--
ALTER TABLE `orders`
  ADD PRIMARY KEY (`id`);

--
-- Indexes for table `orders_item`
--
ALTER TABLE `orders_item`
  ADD PRIMARY KEY (`id`);

--
-- Indexes for table `products`
--
ALTER TABLE `products`
  ADD PRIMARY KEY (`id`);

--
-- Indexes for table `product_stock_history`
--
ALTER TABLE `product_stock_history`
  ADD PRIMARY KEY (`id`),
  ADD KEY `product_stock_history_ibfk_1` (`product_id`);

--
-- Indexes for table `purchases`
--
ALTER TABLE `purchases`
  ADD PRIMARY KEY (`id`);

--
-- Indexes for table `stores`
--
ALTER TABLE `stores`
  ADD PRIMARY KEY (`id`);

--
-- Indexes for table `users`
--
ALTER TABLE `users`
  ADD PRIMARY KEY (`id`);

--
-- Indexes for table `user_group`
--
ALTER TABLE `user_group`
  ADD PRIMARY KEY (`id`);

--
-- AUTO_INCREMENT for dumped tables
--

--
-- AUTO_INCREMENT for table `activity_log`
--
ALTER TABLE `activity_log`
  MODIFY `id` int(11) NOT NULL AUTO_INCREMENT, AUTO_INCREMENT=190;

--
-- AUTO_INCREMENT for table `attributes`
--
ALTER TABLE `attributes`
  MODIFY `id` int(11) NOT NULL AUTO_INCREMENT, AUTO_INCREMENT=7;

--
-- AUTO_INCREMENT for table `attribute_value`
--
ALTER TABLE `attribute_value`
  MODIFY `id` int(11) NOT NULL AUTO_INCREMENT, AUTO_INCREMENT=37;

--
-- AUTO_INCREMENT for table `brands`
--
ALTER TABLE `brands`
  MODIFY `id` int(11) NOT NULL AUTO_INCREMENT, AUTO_INCREMENT=22;

--
-- AUTO_INCREMENT for table `categories`
--
ALTER TABLE `categories`
  MODIFY `id` int(11) NOT NULL AUTO_INCREMENT, AUTO_INCREMENT=15;

--
-- AUTO_INCREMENT for table `company`
--
ALTER TABLE `company`
  MODIFY `id` int(11) NOT NULL AUTO_INCREMENT, AUTO_INCREMENT=2;

--
-- AUTO_INCREMENT for table `groups`
--
ALTER TABLE `groups`
  MODIFY `id` int(11) NOT NULL AUTO_INCREMENT, AUTO_INCREMENT=7;

--
-- AUTO_INCREMENT for table `orders`
--
ALTER TABLE `orders`
  MODIFY `id` int(11) NOT NULL AUTO_INCREMENT, AUTO_INCREMENT=205;

--
-- AUTO_INCREMENT for table `orders_item`
--
ALTER TABLE `orders_item`
  MODIFY `id` int(11) NOT NULL AUTO_INCREMENT, AUTO_INCREMENT=1849;

--
-- AUTO_INCREMENT for table `products`
--
ALTER TABLE `products`
  MODIFY `id` int(11) NOT NULL AUTO_INCREMENT, AUTO_INCREMENT=77;

--
-- AUTO_INCREMENT for table `product_stock_history`
--
ALTER TABLE `product_stock_history`
  MODIFY `id` int(11) NOT NULL AUTO_INCREMENT, AUTO_INCREMENT=14;

--
-- AUTO_INCREMENT for table `purchases`
--
ALTER TABLE `purchases`
  MODIFY `id` int(11) NOT NULL AUTO_INCREMENT;

--
-- AUTO_INCREMENT for table `stores`
--
ALTER TABLE `stores`
  MODIFY `id` int(11) NOT NULL AUTO_INCREMENT, AUTO_INCREMENT=10;

--
-- AUTO_INCREMENT for table `users`
--
ALTER TABLE `users`
  MODIFY `id` int(11) NOT NULL AUTO_INCREMENT, AUTO_INCREMENT=20;

--
-- AUTO_INCREMENT for table `user_group`
--
ALTER TABLE `user_group`
  MODIFY `id` int(11) NOT NULL AUTO_INCREMENT, AUTO_INCREMENT=18;

--
-- Constraints for dumped tables
--

--
-- Constraints for table `product_stock_history`
--
ALTER TABLE `product_stock_history`
  ADD CONSTRAINT `product_stock_history_ibfk_1` FOREIGN KEY (`product_id`) REFERENCES `products` (`id`) ON DELETE CASCADE;
COMMIT;

/*!40101 SET CHARACTER_SET_CLIENT=@OLD_CHARACTER_SET_CLIENT */;
/*!40101 SET CHARACTER_SET_RESULTS=@OLD_CHARACTER_SET_RESULTS */;
/*!40101 SET COLLATION_CONNECTION=@OLD_COLLATION_CONNECTION */;
